genes_38_63_2_21_85_63_78_100_34_94_75_43_0_26_72_18_12_50_51_96_79_49_6_25_35_49_0_82_46_55_30_14_27,1,0.0244,10.0,0.0,0.0
genes_79_21_35_16_86_92_6_43_22_97_11_64_0_74_72_1_48_28_40_66_50_18_89_99_80_17_87_86_4_97_45_94_46,5,0.0055,2.2575,0.0,0.0
genes_17_35_10_26_9_48_18_25_35_94_92_37_0_25_26_86_31_36_88_4_52_32_61_79_40_58_59_35_44_82_23_51_21,5,0.0054,2.2,0.0,0.0
genes_52_6_61_76_69_8_73_38_35_83_70_70_0_92_24_87_94_60_25_96_12_8_76_56_69_19_3_78_46_93_89_64_27,5,0.005,2.04,0.0,0.0
genes_68_56_63_92_86_90_62_81_71_97_79_95_0_74_65_1_48_46_44_29_50_18_18_100_80_45_70_88_70_17_98_94_25,5,0.0049,2.0,0.0,0.0
genes_5_20_29_26_9_6_89_25_86_29_9_65_0_99_53_90_8_84_61_2_52_44_25_79_71_81_79_37_88_13_74_72_19,6,0.0041,1.684,0.0,0.0
genes_10_21_13_55_87_5_6_81_84_97_79_64_0_67_47_1_48_46_60_29_45_18_98_100_80_67_87_33_23_14_45_98_92,6,0.0041,1.684,0.0,0.0
genes_17_49_10_26_9_65_65_25_30_91_20_23_0_68_32_45_8_77_61_61_52_44_38_89_71_42_91_39_35_19_51_84_18,6,0.0041,1.684,0.0,0.0
genes_17_68_10_26_9_60_15_83_96_73_20_23_0_27_30_67_11_36_94_4_2_1_42_89_71_58_91_98_88_21_51_84_19,6,0.0041,1.6667,0.0,0.0
genes_58_96_40_4_84_53_86_64_47_54_87_78_0_20_87_32_95_13_79_90_66_18_83_24_8_27_78_24_30_78_87_7_75,6,0.0041,1.6667,0.0,0.0
genes_81_84_99_28_4_30_14_96_31_58_49_35_0_46_26_4_31_48_80_82_14_37_15_62_40_44_29_8_43_35_58_40_1,6,0.0041,1.6667,0.0,0.0
genes_17_49_99_26_1_37_8_25_29_15_9_26_0_28_33_90_85_36_61_4_52_9_38_34_24_24_22_37_88_96_79_49_46,6,0.0041,1.6667,0.0,0.0
genes_69_85_10_10_93_5_24_8_45_11_10_67_0_61_37_12_71_32_39_94_55_100_44_32_78_24_22_25_17_32_1_34_43,7,0.0038,1.5434,0.0,0.0
genes_83_70_78_54_85_65_15_83_2_21_88_23_0_68_32_64_74_77_78_6_2_77_35_74_30_42_25_98_35_38_69_80_53,7,0.0037,1.4987,0.0,0.0
genes_36_0_48_1_87_55_9_69_42_57_16_35_0_52_79_79_68_68_7_49_80_68_52_24_92_3_78_70_0_56_50_82_75,7,0.0035,1.4464,0.0,0.0
genes_47_51_83_43_26_30_91_28_19_7_9_29_0_53_40_40_6_14_65_65_77_100_46_58_26_13_98_79_52_20_18_97_61,7,0.0035,1.4286,0.0,0.0
genes_17_56_10_26_79_73_15_25_25_0_95_62_0_97_65_28_79_36_61_51_67_44_38_83_71_58_11_41_70_22_23_27_20,7,0.0035,1.4286,0.0,0.0
genes_17_85_10_26_9_36_24_25_29_94_13_28_0_57_37_91_85_85_39_94_52_48_55_34_24_58_80_37_86_14_23_49_46,7,0.0035,1.4286,0.0,0.0
genes_75_0_85_83_27_97_69_8_87_7_68_41_0_96_34_47_90_62_51_4_1_65_70_50_98_15_71_67_32_63_23_42_23,7,0.0035,1.4286,0.0,0.0
genes_6_56_99_89_76_65_62_83_25_77_99_23_0_72_64_72_51_15_94_51_72_52_18_92_30_45_91_98_35_43_98_27_33,8,0.0031,1.2598,0.0,0.0
genes_79_2_2_21_43_9_36_43_33_92_10_73_0_63_68_18_62_28_34_32_91_49_6_87_98_37_63_90_4_42_28_13_46,8,0.0031,1.25,0.0,0.0
genes_17_35_14_84_4_14_17_98_9_58_92_35_0_22_23_4_31_77_83_78_9_32_71_63_37_9_11_1_46_82_15_10_1,8,0.0031,1.25,0.0,0.0
genes_36_24_2_21_77_39_9_24_36_94_16_100_0_98_72_18_55_40_25_49_100_51_11_26_53_14_63_93_60_42_28_14_59,9,0.003,1.2346,0.0,0.0
genes_72_83_11_26_9_60_15_25_29_16_20_28_0_95_33_33_79_87_61_4_56_44_44_34_24_58_84_37_88_19_23_84_46,9,0.0029,1.1767,0.0,0.0
genes_5_20_29_58_95_5_89_64_7_90_50_63_0_29_53_68_71_84_9_2_38_99_37_56_89_81_34_40_69_48_40_39_23,9,0.0029,1.1728,0.0,0.0
genes_79_88_73_83_11_73_46_65_25_80_32_62_0_97_65_100_90_15_100_65_60_52_40_53_30_10_11_34_66_57_99_28_99,9,0.0027,1.1227,0.0,0.0
genes_17_56_29_26_9_60_15_25_86_94_20_65_0_97_53_35_89_84_29_4_38_54_38_79_76_58_79_40_63_78_23_88_19,9,0.0027,1.1188,0.0,0.0
genes_52_49_10_26_21_97_15_25_21_59_0_28_0_62_24_90_8_36_25_4_55_71_37_50_70_58_3_37_46_19_23_64_19,9,0.0027,1.1111,0.0,0.0
genes_17_49_85_85_32_60_69_54_35_35_68_41_0_96_33_90_83_36_61_4_61_47_38_68_95_19_100_37_88_63_23_84_19,9,0.0027,1.1111,0.0,0.0
genes_5_20_29_87_77_5_85_30_86_29_8_53_0_90_53_35_84_84_18_2_53_100_47_96_45_81_79_91_20_13_74_32_73,10,0.0026,1.0575,0.0,0.0
genes_72_65_79_10_1_36_70_21_89_0_14_64_0_57_47_25_85_41_60_94_56_9_44_34_24_67_87_78_81_99_41_49_92,10,0.0026,1.05,0.0,0.0
genes_12_72_10_58_95_48_17_69_7_58_92_81_0_25_76_4_71_77_99_78_14_99_37_56_40_17_34_35_46_82_40_39_3,10,0.0026,1.05,0.0,0.0
genes_38_45_3_21_88_89_24_24_33_6_20_77_0_43_98_13_46_50_25_32_1_49_70_50_66_69_63_12_32_63_66_14_38,10,0.0025,1.0194,0.0,0.0
genes_68_56_10_89_9_73_15_69_25_0_95_30_0_95_33_90_81_36_82_51_52_52_38_83_22_58_84_37_70_43_98_84_19,10,0.0024,1.0,0.0,0.0
genes_38_63_10_92_85_89_23_24_40_11_75_35_0_8_68_18_46_50_1_32_79_49_6_57_29_65_22_93_17_42_28_14_43,11,0.0023,0.9256,0.0,0.0
genes_38_59_2_54_85_65_23_83_31_45_75_23_0_65_68_69_46_50_94_62_2_49_6_26_31_14_63_93_54_21_30_80_84,11,0.0022,0.9091,0.0,0.0
genes_79_67_98_64_39_53_62_81_54_86_95_62_0_9_36_3_81_15_77_41_68_43_18_83_22_45_23_92_70_43_68_95_47,12,0.0022,0.8958,0.0,0.0
genes_96_51_83_16_86_90_24_81_19_97_55_98_0_74_49_1_48_14_22_29_50_18_4_100_84_17_98_7_83_15_22_94_61,12,0.0021,0.8459,0.0,0.0
genes_4_78_100_54_19_65_65_83_17_59_28_54_0_47_18_25_48_77_53_99_2_4_71_63_59_42_96_98_22_21_51_80_33,12,0.002,0.8333,0.0,0.0
genes_21_63_70_21_27_30_23_24_24_94_64_77_0_65_68_93_30_40_25_13_75_51_89_26_29_93_92_7_60_84_46_45_89,13,0.0019,0.7796,0.0,0.0
