genes_92_82_18_79_8_22_44_83_47_8_84_42_61_93_80_59_24_45_39_16_9_61_36_25_70_79_92_62_24_68_13_28_86,1,0.0258,2.0,0.0,0.0
genes_45_30_59_40_40_83_72_69_12_55_0_64_20_75_50_76_18_0_17_54_86_50_22_78_76_28_60_48_18_24_57_28_14,1,0.0258,2.0,0.0,0.0
genes_21_36_76_39_31_91_92_57_42_51_97_19_92_46_92_97_4_30_6_83_32_79_4_94_44_46_65_55_58_27_61_93_30,1,0.0258,2.0,0.0,0.0
genes_69_57_18_32_4_66_9_5_1_50_63_31_90_64_13_23_77_77_65_100_2_4_42_10_99_87_61_85_54_68_100_73_53,1,0.0258,2.0,0.0,0.0
genes_38_93_85_76_60_8_81_100_50_54_78_12_24_90_97_14_72_1_97_43_65_47_76_34_9_78_0_60_22_89_5_80_45,1,0.0258,2.0,0.0,0.0
genes_75_61_1_88_40_32_93_55_64_0_15_55_69_64_38_90_67_78_51_46_5_30_84_45_90_15_91_60_9_35_99_18_46,1,0.0258,2.0,0.0,0.0
genes_32_43_17_46_74_67_27_90_86_74_21_9_62_100_54_41_23_37_32_73_60_69_74_14_86_68_55_85_71_91_77_25_39,1,0.0258,2.0,0.0,0.0
genes_26_95_77_16_16_39_71_71_2_21_96_38_44_41_71_25_55_63_19_82_7_70_100_79_26_1_2_34_55_90_40_77_26,1,0.0258,2.0,0.0,0.0
genes_59_68_51_83_40_58_86_31_57_82_17_10_65_45_65_69_23_80_62_11_73_12_33_4_77_75_91_55_16_72_69_94_21,1,0.0258,2.0,0.0,0.0
genes_15_51_51_49_84_60_78_29_44_57_60_100_38_1_52_98_69_91_24_72_69_90_38_63_41_99_95_86_73_99_74_0_52,1,0.0258,2.0,0.0,0.0
genes_15_87_55_97_19_4_35_8_34_33_7_71_67_8_20_88_20_89_89_32_96_72_59_8_6_41_15_98_6_84_86_12_54,1,0.0258,2.0,0.0,0.0
genes_16_65_4_66_59_80_61_39_30_2_18_62_10_6_34_55_71_79_3_47_75_8_33_52_27_68_9_63_6_97_11_60_36,1,0.0258,2.0,0.0,0.0
genes_63_54_9_96_97_81_38_49_23_3_61_93_70_6_1_21_91_77_68_21_30_12_30_89_2_0_27_27_99_65_47_92_9,1,0.0258,2.0,0.0,0.0
genes_23_18_71_57_54_37_4_20_15_67_7_20_66_9_23_50_16_81_20_9_36_47_70_40_67_10_81_15_18_68_63_99_94,1,0.0258,2.0,0.0,0.0
genes_40_66_67_76_51_27_96_46_23_12_39_92_39_91_7_83_0_80_59_64_12_98_49_77_38_81_34_21_67_82_1_95_32,1,0.0258,2.0,0.0,0.0
genes_27_66_80_16_21_38_23_43_68_35_93_31_26_68_58_87_24_6_34_74_9_28_59_53_90_95_22_98_76_29_24_28_66,1,0.0258,2.0,0.0,0.0
genes_75_16_16_40_39_84_51_67_2_62_50_50_30_86_54_54_65_4_76_79_7_81_26_45_95_43_35_52_45_3_7_76_67,1,0.0258,2.0,0.0,0.0
genes_86_17_96_38_82_45_12_73_98_95_78_51_85_62_53_5_60_97_2_46_21_90_21_87_53_57_35_45_53_29_50_17_56,1,0.0258,2.0,0.0,0.0
genes_43_96_96_63_67_10_60_23_21_70_97_62_79_27_53_36_42_48_43_89_99_45_1_98_26_36_43_47_45_23_54_51_19,1,0.0258,2.0,0.0,0.0
genes_70_25_6_38_65_7_88_32_11_44_82_6_74_7_80_80_17_64_60_40_55_22_65_98_44_11_77_24_92_91_62_18_25,1,0.0258,2.0,0.0,0.0
genes_89_4_63_17_14_84_43_49_31_87_35_68_16_93_51_84_9_26_71_71_5_16_30_91_63_52_29_40_25_6_56_92_48,1,0.0258,2.0,0.0,0.0
genes_75_17_58_28_45_10_28_94_25_59_16_26_3_83_40_11_2_92_21_14_46_87_23_44_73_33_93_39_88_55_72_43_42,1,0.0258,2.0,0.0,0.0
genes_28_78_73_85_60_85_27_88_70_68_85_81_32_71_15_25_26_66_14_68_21_26_92_80_49_3_31_44_82_84_88_49_28,1,0.0258,2.0,0.0,0.0
genes_84_25_4_95_2_26_73_41_16_27_81_61_88_96_92_85_7_96_63_47_53_71_1_68_53_99_34_56_26_92_47_31_72,1,0.0258,2.0,0.0,0.0
genes_51_70_58_56_35_79_3_88_23_96_82_10_5_18_2_49_21_19_55_77_29_95_9_37_73_93_98_28_83_35_9_87_24,1,0.0258,2.0,0.0,0.0
genes_74_19_29_55_33_27_88_96_52_34_95_83_17_90_69_67_38_63_10_12_43_13_52_38_57_66_80_100_3_39_96_97_77,1,0.0129,1.0,0.0,0.0
genes_49_33_34_96_91_71_9_73_10_24_16_90_59_43_23_85_17_55_65_4_86_14_53_69_49_42_69_10_9_95_8_50_2,2,0.0129,1.0,0.0,0.0
genes_30_88_7_60_35_85_96_93_80_83_74_5_44_3_90_14_5_96_5_25_32_50_42_86_70_87_90_44_17_70_41_82_1,2,0.0129,1.0,0.0,0.0
genes_59_0_62_17_2_3_79_10_57_94_34_75_11_56_16_47_83_36_34_91_78_99_73_21_53_76_22_42_34_7_54_61_92,2,0.0129,1.0,0.0,0.0
genes_81_73_66_78_36_86_30_73_28_67_68_40_15_28_29_70_55_51_45_14_58_47_75_89_47_98_33_3_20_39_67_80_89,2,0.0129,1.0,0.0,0.0
genes_84_81_1_13_100_23_38_97_11_83_79_26_48_30_17_48_47_66_3_39_1_51_33_34_35_18_46_62_22_25_87_54_0,2,0.0129,1.0,0.0,0.0
genes_91_89_20_71_42_74_39_36_80_28_15_40_75_71_54_11_72_7_62_78_74_26_9_24_78_72_38_25_61_77_18_98_1,2,0.0129,1.0,0.0,0.0
genes_91_93_98_89_9_35_12_80_68_48_66_8_23_29_90_90_24_12_94_4_45_93_31_78_77_12_48_13_43_82_29_83_9,2,0.0129,1.0,0.0,0.0
genes_9_81_76_37_99_86_68_66_21_79_13_51_72_94_30_26_71_37_14_86_80_60_36_95_34_50_92_67_42_25_19_95_52,2,0.0129,1.0,0.0,0.0
genes_61_68_69_14_28_19_23_78_57_83_71_71_23_58_17_66_53_76_15_6_12_78_9_64_3_67_9_90_76_4_90_58_35,3,0.0086,0.6667,0.0,0.0
genes_99_98_65_90_54_91_27_65_68_80_52_49_84_29_23_9_2_89_11_83_54_5_26_12_38_59_25_32_51_99_65_78_67,3,0.0086,0.6667,0.0,0.0
genes_24_45_9_45_44_12_19_93_31_33_79_76_11_77_30_23_56_49_50_86_38_3_10_53_16_78_20_34_47_72_2_47_68,3,0.0086,0.6667,0.0,0.0
genes_84_22_20_26_36_55_34_31_24_85_12_52_83_74_54_69_39_82_49_13_46_82_66_5_88_19_27_9_57_90_89_32_100,3,0.0086,0.6667,0.0,0.0
genes_42_45_46_20_85_77_71_50_75_82_29_79_74_86_76_19_34_64_71_47_91_2_8_45_88_77_37_17_22_76_44_22_31,3,0.0057,0.4444,0.0,0.0
genes_8_7_33_70_29_9_55_43_26_40_91_42_75_80_100_30_35_70_47_85_78_43_17_88_31_4_21_98_99_52_24_57_39,3,0.0057,0.4444,0.0,0.0
genes_64_62_86_94_86_78_89_61_35_28_73_9_51_83_1_10_21_96_41_68_57_9_22_74_75_88_93_52_89_96_54_38_92,0,0.0,0.0,0.0,0.0
genes_80_94_3_25_39_59_68_9_4_34_14_63_1_59_59_84_25_86_2_16_55_81_65_41_9_56_82_65_14_55_37_45_13,0,0.0,0.0,0.0,0.0
genes_27_38_58_91_65_82_12_97_46_73_86_96_35_11_16_94_93_83_7_22_72_40_20_1_41_14_62_85_81_86_64_84_100,0,0.0,0.0,0.0,0.0
genes_25_81_97_14_48_96_77_61_74_48_33_15_7_72_65_93_93_3_76_16_45_19_52_47_15_78_100_86_32_86_7_96_47,0,0.0,0.0,0.0,0.0
genes_30_23_64_77_40_12_9_13_95_61_53_1_6_6_75_97_76_39_84_75_91_8_100_92_97_86_9_51_67_23_91_26_16,0,0.0,0.0,0.0,0.0
genes_27_57_58_2_21_30_78_86_81_34_99_100_2_30_37_73_11_8_93_13_80_54_96_50_99_14_34_30_4_77_21_46_65,0,0.0,0.0,0.0,0.0
genes_38_62_51_30_98_11_61_84_84_98_90_41_62_90_85_21_73_34_24_30_29_81_53_27_77_64_41_55_62_0_33_4_69,0,0.0,0.0,0.0,0.0
genes_38_27_36_58_21_70_96_60_89_53_85_99_20_18_4_62_99_18_36_47_79_52_62_46_30_43_75_88_37_86_28_59_5,0,0.0,0.0,0.0,0.0
genes_10_26_46_27_57_27_82_34_88_34_66_69_64_44_34_90_76_16_4_60_89_7_10_21_37_13_15_42_92_22_54_77_4,0,0.0,0.0,0.0,0.0
genes_0_17_20_15_94_73_16_26_54_86_23_37_84_4_93_94_82_87_8_61_89_66_50_21_97_58_56_37_11_89_95_91_16,0,0.0,0.0,0.0,0.0
genes_22_61_32_89_8_64_83_12_80_75_13_39_63_52_16_4_92_15_25_25_67_83_38_89_88_79_9_86_34_15_49_95_89,0,0.0,0.0,0.0,0.0
genes_2_59_83_1_56_32_68_47_91_47_51_11_72_86_6_17_21_8_98_14_16_13_66_70_20_81_19_34_23_20_21_71_36,0,0.0,0.0,0.0,0.0
genes_84_3_60_3_91_64_82_89_48_57_98_3_38_30_56_35_93_8_3_20_94_72_69_76_29_56_27_10_49_70_23_79_84,0,0.0,0.0,0.0,0.0
genes_17_100_83_75_76_45_75_73_93_55_4_47_19_8_9_14_90_10_66_96_1_22_16_68_72_28_48_7_81_87_11_25_36,0,0.0,0.0,0.0,0.0
genes_99_2_47_15_16_20_36_48_82_26_46_82_62_71_63_1_85_63_38_2_63_76_57_97_37_22_25_44_59_8_14_64_89,0,0.0,0.0,0.0,0.0
genes_75_62_74_31_4_70_4_92_27_75_19_44_96_7_89_9_63_34_74_89_12_80_2_19_3_35_26_0_86_68_50_67_53,0,0.0,0.0,0.0,0.0
genes_63_63_79_6_86_97_10_13_38_94_18_23_59_23_21_87_87_23_89_36_67_13_21_80_8_89_55_22_29_28_99_56_18,0,0.0,0.0,0.0,0.0
genes_80_75_0_50_100_95_39_8_72_31_13_42_4_38_4_2_60_65_1_75_62_44_79_1_99_24_36_62_21_3_46_81_37,0,0.0,0.0,0.0,0.0
genes_51_16_62_42_86_9_66_84_38_18_100_17_37_50_68_27_80_25_38_17_7_13_50_54_10_64_22_94_71_65_39_97_12,0,0.0,0.0,0.0,0.0
genes_16_81_7_39_64_55_33_12_16_12_94_92_15_68_81_23_25_6_91_22_31_11_59_22_4_12_84_90_50_48_52_80_80,0,0.0,0.0,0.0,0.0
