gene_54_29_18_70_12_61_56_28_84_70_98_35_58_88_64_71_88_34_38_17_19_80_36_62_73_7_55_0_47_57_2_95_51_36_3_60_48_76_90_49_5_14_25_39_17_3_71_1_81_65_2_71_98_29_73_39_100_75_85_28_42_37_18_77_88_20_84_48_43_57_3_61_94_21_42_38_50_26_6_93_86_65_99_98_64_100_76_29_36_91_75_58_70_63_84_37_84_32_58,1,0.513539,356.232
gene_89_63_62_23_10_21_60_27_7_71_99_6_47_42_50_76_90_31_38_10_6_11_36_38_32_76_53_32_39_60_75_51_33_58_37_27_82_40_20_83_94_21_34_38_21_13_79_10_76_60_16_76_96_32_72_39_12_87_75_53_93_18_41_99_26_96_81_40_0_27_74_36_78_75_41_6_69_13_29_44_9_70_37_96_32_17_34_3_21_34_71_53_86_83_76_79_85_0_96,4,0.46053,321.939
gene_63_5_58_11_15_62_9_65_0_40_88_5_47_11_28_67_5_45_38_65_14_79_70_21_93_78_99_70_38_18_92_56_95_19_100_21_0_58_95_48_95_22_82_36_30_18_14_21_71_60_72_4_97_28_91_59_58_25_79_25_56_19_28_87_64_96_74_40_91_68_72_50_95_28_42_100_63_35_5_96_95_49_19_14_99_95_49_29_4_59_68_31_29_9_71_89_67_38_79,1,0.410065,294.384
gene_92_9_40_61_12_3_95_25_61_3_98_28_1_20_90_67_98_26_41_44_34_79_37_17_15_60_92_73_54_61_10_53_6_60_3_50_33_73_85_78_71_60_1_35_31_27_70_46_41_65_16_4_86_33_75_37_58_56_82_91_79_7_47_48_24_14_11_73_2_22_23_79_93_77_4_42_59_89_39_70_17_82_18_90_37_95_48_47_43_93_4_63_72_75_89_31_83_34_89,1,0.401647,289.035
gene_99_54_76_87_57_49_49_62_91_80_92_5_2_23_83_74_91_31_7_36_24_83_59_39_49_45_5_32_36_18_44_70_33_85_95_70_57_63_20_51_72_63_61_60_35_29_76_32_29_64_14_72_66_1_67_50_100_25_58_27_49_35_13_94_4_6_95_62_0_89_75_19_98_59_11_42_27_0_17_54_14_9_32_14_15_1_43_86_7_55_96_35_89_75_10_31_68_82_57,1,0.565414,255.966
gene_94_9_19_66_51_53_57_74_2_65_99_5_70_52_63_78_17_26_19_20_67_33_38_14_31_82_99_32_57_100_20_53_90_3_87_50_60_91_89_53_26_10_75_40_30_15_66_7_91_60_89_58_28_40_72_50_98_92_88_25_49_26_41_94_26_27_25_57_91_55_24_84_95_86_20_100_58_33_53_34_72_2_32_11_26_94_26_78_4_59_71_66_15_63_10_24_69_88_39,5,0.504085,250.651
gene_57_84_58_0_20_34_9_27_61_88_88_6_95_48_91_57_100_86_55_36_27_9_22_31_88_61_99_63_6_63_31_74_14_34_30_45_21_61_15_78_24_9_82_67_5_24_64_17_46_34_43_77_84_32_23_39_84_25_24_31_40_26_45_100_71_91_72_57_91_67_88_74_88_28_39_44_0_35_48_70_86_74_28_50_69_11_51_32_28_9_42_97_85_9_82_93_59_57_5,2,0.330451,240.538
gene_56_84_64_10_20_62_6_65_60_36_55_5_32_59_100_23_86_59_2_20_31_9_77_27_58_24_13_63_45_95_24_74_89_20_3_32_60_73_84_73_26_9_71_35_51_5_3_53_100_71_93_45_99_34_23_39_100_25_88_25_72_94_51_49_26_27_91_100_0_68_77_20_79_80_43_100_47_6_33_48_10_0_55_60_95_4_50_68_64_92_96_34_30_79_84_41_67_38_94,1,0.340612,237.28
gene_18_5_23_63_0_66_57_72_69_62_86_74_67_18_52_66_22_56_34_17_21_34_75_66_85_15_57_27_23_57_27_74_10_51_92_27_55_70_63_24_72_10_60_18_100_40_81_10_87_64_87_11_28_14_72_39_84_55_24_75_91_19_36_86_26_31_81_57_2_58_77_70_94_82_17_58_90_38_34_30_81_74_99_92_12_97_64_35_80_36_92_56_80_2_0_41_68_28_0,3,0.364544,235.769
gene_26_63_30_23_13_58_57_27_61_66_99_6_70_47_52_64_90_91_41_1_11_29_34_66_14_47_1_74_39_100_75_95_49_53_93_61_85_66_66_63_97_62_76_39_21_11_2_23_44_61_15_66_96_32_23_50_100_76_47_18_98_18_67_79_88_100_70_73_50_63_77_7_94_16_9_6_65_6_24_41_86_70_37_59_91_100_15_5_43_9_7_54_69_79_11_18_67_56_96,1,0.337734,231.288
gene_54_6_12_63_20_49_34_55_26_47_57_25_1_69_64_78_74_96_91_50_19_80_4_62_58_69_46_0_55_58_40_53_95_59_66_38_17_76_89_51_21_37_74_10_43_20_81_40_93_64_7_38_98_32_88_31_19_92_84_36_100_14_48_53_55_30_95_80_3_32_72_70_96_21_44_46_66_33_5_30_17_77_58_7_23_95_59_59_43_97_70_62_76_75_10_21_67_81_81,5,0.553009,220.123
gene_34_63_22_19_20_38_57_32_0_70_99_7_40_47_67_73_40_28_91_20_67_33_36_57_40_76_98_75_66_56_31_49_23_34_79_24_85_9_89_47_71_10_75_22_20_15_20_7_40_61_14_83_28_1_78_46_58_90_84_40_98_16_41_79_7_68_93_80_91_27_82_23_91_64_59_34_60_31_29_70_73_82_12_68_90_17_7_3_100_55_11_64_12_11_51_81_63_95_72,2,0.359728,215.986
gene_50_34_7_62_11_35_56_23_26_80_94_5_47_54_88_23_3_67_31_17_11_34_51_66_5_35_43_91_38_55_77_92_33_58_54_1_57_60_14_28_21_36_65_60_52_36_2_1_100_61_6_76_88_33_81_4_45_54_84_51_94_42_54_52_66_17_12_74_0_68_75_7_95_81_95_41_97_64_70_43_89_49_76_60_13_90_100_70_34_95_70_31_26_55_98_8_63_0_60,2,0.638536,212.046
gene_48_84_62_86_46_46_6_90_100_36_50_5_70_51_100_65_83_48_12_63_11_21_43_60_32_56_100_65_50_95_20_95_89_34_74_55_33_76_56_73_26_97_76_39_33_5_53_51_44_64_96_77_91_59_72_39_17_17_84_27_52_84_48_49_26_29_86_100_95_68_87_84_98_80_43_70_34_32_33_33_86_8_28_92_34_100_56_70_72_100_71_66_30_5_12_85_59_38_0,1,0.468603,210.103
gene_34_63_4_18_20_38_33_32_61_76_73_5_3_47_52_75_68_28_37_68_37_83_36_57_9_60_0_74_62_56_24_93_14_34_79_24_1_70_90_20_67_22_0_25_18_29_65_13_50_2_42_77_97_32_71_14_68_22_50_58_100_5_51_79_87_68_88_55_50_27_82_20_82_75_100_100_69_2_29_22_17_82_12_92_32_95_48_36_11_94_75_64_67_13_70_18_74_44_75,3,0.512039,208.757
gene_18_6_58_68_6_34_44_65_13_62_55_6_91_81_91_57_22_56_55_36_79_34_25_62_16_60_5_22_23_57_31_74_14_62_30_27_55_70_9_49_71_10_82_33_52_37_65_6_86_34_12_65_31_33_72_22_84_46_62_75_91_19_39_89_26_26_72_57_91_70_91_74_92_81_17_58_62_35_34_86_81_79_99_50_62_95_86_32_42_33_35_42_77_10_82_42_59_41_5,3,0.668017,198.981
gene_57_25_54_63_14_64_48_68_86_70_55_6_58_18_64_57_11_96_55_17_8_36_29_62_89_7_10_75_6_58_40_95_47_34_30_27_41_61_9_51_67_35_82_17_17_19_79_1_49_34_2_65_84_29_23_32_100_75_23_28_49_19_45_77_71_30_81_64_80_64_93_70_94_21_45_44_62_35_48_86_91_9_28_50_33_95_76_29_28_94_35_38_70_6_82_37_59_53_5,1,0.328714,197.147
gene_100_6_18_61_42_53_95_26_60_78_56_25_60_55_62_19_86_26_42_44_9_83_37_19_86_52_97_76_34_61_40_76_0_60_93_50_33_73_89_54_17_37_34_35_51_6_78_48_0_82_69_72_96_33_100_31_10_17_70_51_92_6_28_93_5_70_45_63_0_65_19_79_93_77_4_42_29_72_46_31_6_25_18_68_37_0_93_14_64_96_70_73_72_4_50_89_69_82_89,5,0.489435,195.437
gene_0_54_58_16_5_49_9_28_55_71_73_73_53_84_49_80_68_46_37_68_14_83_36_21_88_64_99_20_69_15_22_93_14_37_74_1_1_58_88_56_91_22_82_68_30_29_65_13_91_46_72_45_84_32_75_50_73_25_50_22_56_37_28_79_5_95_83_74_91_75_72_50_82_75_100_100_97_2_9_22_89_49_65_95_47_90_81_36_43_59_42_31_54_9_10_36_36_88_58,1,0.368094,193.078
gene_92_9_62_21_12_3_24_25_61_88_98_76_67_23_89_75_27_30_47_82_13_79_35_66_73_56_37_32_65_61_10_53_48_37_3_27_33_64_71_97_20_63_77_98_31_6_77_11_83_72_6_64_84_31_100_48_39_65_71_54_100_89_52_48_66_15_11_62_15_22_71_60_94_85_42_92_69_85_5_33_88_70_76_92_34_100_19_8_43_94_92_56_81_6_49_85_67_92_38,4,0.34184,191.256
gene_96_5_62_18_55_86_6_27_60_36_55_4_70_59_19_23_57_50_38_20_6_100_29_60_76_25_32_60_45_95_21_95_16_37_80_27_85_40_90_89_26_21_76_2_23_3_66_10_91_60_96_77_91_32_72_44_14_7_75_38_93_19_41_74_26_29_81_42_0_46_89_20_79_78_43_96_69_17_3_97_19_13_30_76_32_95_26_35_38_34_77_53_76_74_80_92_70_38_0,4,0.363182,188.254
gene_63_57_59_77_25_49_49_90_72_77_89_15_63_32_89_73_89_0_43_22_11_19_35_36_18_60_32_60_65_57_27_89_0_34_54_55_33_76_85_98_26_36_45_34_54_12_61_21_81_68_69_68_88_59_71_42_68_46_84_52_48_18_13_96_96_62_11_98_43_65_77_60_98_78_16_46_0_53_35_7_1_25_60_11_34_92_50_0_29_24_96_66_26_5_84_85_81_82_17,2,0.397234,184.111
gene_94_9_99_71_0_59_60_31_61_67_93_5_37_74_63_76_100_48_7_20_34_69_38_14_31_56_9_75_16_100_29_74_88_61_80_38_60_91_95_53_85_66_4_86_37_21_64_81_91_60_91_50_100_9_100_50_15_88_88_53_88_26_28_81_7_67_99_42_13_55_19_74_82_86_4_92_63_7_53_96_80_2_28_69_0_100_98_69_69_100_71_66_76_63_62_45_68_5_39,1,0.532714,180.943
gene_55_37_62_77_20_61_60_3_21_33_99_1_5_75_63_57_91_26_7_10_9_83_28_62_11_17_97_75_54_67_27_74_58_53_93_61_68_69_66_53_6_45_65_65_51_37_79_19_46_64_66_71_100_32_83_43_39_88_41_34_94_86_32_49_66_100_27_64_0_51_76_7_85_16_4_3_50_32_48_41_4_0_65_60_0_97_29_54_63_91_7_66_26_6_81_41_68_82_86,5,0.297113,178.564
gene_3_54_58_63_19_49_48_71_84_40_88_43_58_11_34_71_5_96_37_65_19_55_25_21_88_78_100_20_33_18_22_98_95_34_100_1_17_61_90_53_11_63_82_6_17_18_79_1_71_65_72_71_98_29_44_37_100_75_85_25_9_37_18_100_98_96_74_64_78_57_72_70_94_21_5_10_97_72_6_43_11_49_99_88_42_90_76_29_43_100_42_31_85_6_10_37_67_53_30,1,0.381276,174.224
gene_56_59_41_76_20_41_57_32_61_62_99_16_64_47_68_76_39_28_43_20_11_34_36_57_10_72_0_74_20_56_27_93_27_20_79_39_6_62_75_20_20_30_65_22_37_32_53_5_0_61_75_71_2_13_71_50_100_76_82_58_98_90_28_45_92_62_16_60_78_55_72_84_83_83_48_58_68_53_29_70_11_83_12_71_33_95_48_52_100_51_7_64_30_62_95_21_63_98_72,4,0.48706,173.724
gene_63_25_55_63_10_49_59_69_80_67_50_27_37_47_12_71_7_31_91_72_19_55_36_64_10_26_48_75_34_58_40_71_91_29_79_32_85_78_90_74_62_74_6_9_17_6_79_1_46_65_45_71_98_41_44_32_100_75_85_28_100_16_50_77_83_95_81_64_50_47_74_73_94_16_41_92_69_72_29_96_11_9_58_91_64_90_76_29_43_100_7_58_76_6_76_18_85_44_2,6,0.393537,171.834
gene_95_84_40_21_20_87_52_63_21_39_71_60_65_51_84_38_100_26_7_76_28_11_95_21_73_72_97_0_45_61_16_98_49_34_82_47_19_91_9_51_21_65_76_70_35_14_22_20_87_79_64_76_100_28_88_16_96_76_84_77_68_67_87_67_84_6_77_73_77_59_75_63_85_80_9_11_33_56_17_69_59_70_14_8_68_11_52_5_17_51_64_55_74_6_95_94_40_44_34,3,0.469233,165.88
gene_63_5_22_16_15_62_57_74_2_65_99_5_47_15_52_67_22_51_19_25_38_29_36_21_40_15_98_34_57_55_20_53_38_50_87_21_86_56_89_48_69_22_38_36_46_29_74_7_91_75_14_58_28_35_72_42_58_70_83_37_49_16_13_87_60_30_81_57_91_67_72_7_95_64_42_100_62_13_5_34_73_3_32_68_96_95_26_36_26_52_95_66_32_6_51_44_50_88_79,3,0.520095,162.542
gene_92_34_5_70_17_35_38_25_64_59_90_5_1_60_90_57_91_29_41_51_11_34_51_66_86_51_38_75_54_62_10_53_4_55_3_27_24_80_14_78_26_36_37_98_52_9_74_1_96_64_6_73_97_32_100_47_58_1_91_27_100_89_54_52_66_17_12_44_2_67_19_7_93_85_16_41_62_85_4_70_8_77_75_92_34_65_97_8_43_100_70_68_26_4_95_39_61_0_81,6,0.525538,158.907
gene_26_63_62_16_10_59_54_65_61_69_99_5_47_47_12_67_90_51_38_25_11_33_34_21_12_15_0_74_45_100_88_53_54_34_80_21_1_69_88_48_71_22_38_36_31_25_74_21_50_60_94_82_96_32_18_39_83_70_87_36_98_89_47_79_87_37_81_73_21_67_72_7_95_64_42_6_63_13_29_29_90_59_37_14_91_95_26_36_38_89_70_66_32_4_11_44_80_38_96,3,0.298959,157.69
gene_96_9_43_86_46_84_6_21_60_36_89_47_70_20_100_38_57_48_39_20_24_78_35_100_32_56_91_60_45_95_9_95_89_34_41_40_60_59_85_62_26_9_76_2_51_5_53_33_47_71_69_76_100_37_29_97_58_41_70_25_72_44_51_49_3_26_76_62_23_67_36_73_86_78_43_100_27_71_33_88_10_13_28_100_72_94_30_0_66_100_77_38_17_70_78_92_16_38_43,2,0.504633,156.499
gene_94_9_11_89_42_52_57_1_100_66_55_5_31_20_89_78_89_48_12_1_6_9_38_14_87_13_99_75_14_13_8_88_34_61_83_1_33_79_48_57_26_42_76_98_49_3_61_40_44_42_91_76_88_28_100_50_100_92_73_25_100_26_28_47_5_100_27_42_96_63_74_20_97_88_20_100_59_7_53_97_86_2_28_88_26_0_26_70_8_100_70_57_69_9_10_41_59_56_30,5,0.396233,155.449
gene_0_12_63_44_20_43_6_65_27_32_9_63_32_50_54_74_90_55_14_74_35_35_90_27_93_24_13_0_34_63_54_74_35_53_3_32_33_71_95_63_71_32_6_33_35_39_3_91_19_6_66_45_99_26_91_59_18_92_84_23_49_94_11_92_60_28_72_65_0_47_74_70_85_92_12_92_55_6_5_35_90_4_53_60_95_98_50_66_1_100_70_57_17_79_71_89_67_4_96,3,0.597284,150.002
gene_49_61_22_52_50_56_57_27_2_65_99_6_4_13_49_61_89_18_47_7_34_29_29_39_40_62_98_32_57_97_33_72_37_3_93_50_85_65_71_47_69_10_78_43_30_15_20_30_44_64_12_58_94_27_88_39_81_89_84_40_48_16_41_94_88_30_93_59_91_47_77_84_93_75_90_31_33_33_57_34_60_3_32_68_90_95_48_47_19_95_43_66_12_6_51_24_88_88_76,3,0.274646,147.253
gene_50_61_8_59_45_59_54_65_13_33_99_6_62_42_12_57_95_31_7_6_9_11_38_38_58_72_40_65_53_98_29_53_34_34_23_1_86_79_90_74_94_46_69_65_15_66_19_3_51_64_16_71_96_32_10_45_53_92_99_24_94_32_55_88_66_100_72_68_52_1_73_20_85_16_87_6_69_33_7_70_86_11_37_51_10_100_21_29_36_100_7_25_82_83_11_43_85_35_33,5,0.29479,142.985
gene_95_68_47_64_11_85_52_69_69_83_71_60_2_51_84_73_100_58_43_36_98_34_42_32_89_77_93_67_65_57_20_37_67_44_37_42_19_47_16_64_12_40_79_63_46_14_22_28_93_72_16_74_91_28_40_23_48_41_87_26_48_80_39_67_84_2_80_60_68_59_16_45_89_78_10_14_33_76_62_30_17_3_60_89_70_94_17_5_61_51_7_56_84_58_61_45_84_89_37,5,0.265067,141.725
gene_56_25_18_70_0_61_56_28_6_84_99_35_24_56_91_8_66_29_38_23_11_35_75_66_88_18_94_0_47_57_2_93_51_38_3_19_12_78_88_24_75_70_77_38_46_3_2_12_82_38_87_71_89_26_73_48_17_48_20_28_93_37_13_100_92_15_93_49_0_58_3_7_88_80_42_58_64_40_48_10_87_7_28_98_0_97_98_48_29_95_67_59_97_63_84_17_23_30_58,7,0.425626,141.594
gene_55_37_18_16_42_3_5_65_60_41_92_33_28_56_20_77_91_56_37_49_9_6_56_69_88_56_97_61_44_60_6_53_4_35_93_51_12_66_16_20_19_37_34_96_51_18_78_46_0_82_16_72_88_1_100_31_18_17_25_51_100_25_54_93_66_17_81_64_0_65_77_8_78_81_16_100_62_72_5_10_54_65_61_70_11_85_98_28_64_100_95_59_74_13_95_89_76_36_28,6,0.322943,140.253
gene_99_57_62_74_12_63_95_23_19_66_83_22_63_55_83_65_90_26_43_22_34_83_34_36_18_60_92_57_65_57_40_88_34_37_93_34_6_74_75_54_66_65_45_31_39_32_77_5_81_68_18_2_100_33_71_27_63_56_84_91_79_7_28_80_96_14_26_98_0_71_68_60_82_78_0_46_0_64_43_31_86_70_24_11_37_95_47_47_88_96_4_56_68_75_73_31_83_88_89,3,0.29159,137.868
gene_54_37_30_77_17_36_53_65_2_33_99_21_1_56_89_57_91_28_14_17_14_31_32_74_88_56_38_57_23_100_27_95_6_37_5_61_1_40_20_78_29_37_69_91_12_15_68_11_56_82_16_100_32_1_91_4_42_17_2_34_95_43_46_69_2_26_75_64_1_61_16_49_35_21_40_41_62_53_0_34_84_13_30_70_31_65_29_0_41_33_11_73_69_34_50_85_70_28_36,7,0.326494,137.821
gene_25_9_11_66_5_58_33_65_21_39_73_5_70_51_63_29_100_48_7_68_56_33_38_63_31_82_55_73_14_21_24_93_12_54_63_24_60_36_14_56_91_9_0_33_37_14_66_14_95_2_91_76_68_32_100_39_68_92_88_22_91_26_28_79_26_67_27_55_75_73_72_20_96_75_20_100_60_7_4_97_17_2_65_88_32_95_48_36_4_94_75_34_54_63_10_41_36_0_39,2,0.538519,136.281
gene_19_5_64_23_17_3_54_25_94_67_96_5_60_62_90_78_96_29_13_82_35_78_35_67_15_7_37_75_45_52_34_53_6_37_59_74_33_91_14_90_28_22_34_98_31_6_0_94_46_1_6_48_91_29_100_39_58_1_29_51_96_19_52_53_66_68_11_62_2_67_19_63_94_85_44_92_90_85_5_70_59_74_76_8_34_11_19_8_43_99_92_73_3_6_49_86_59_34_40,2,0.371053,135.862
gene_65_5_18_44_18_62_60_65_60_71_83_25_28_54_52_67_100_51_39_62_9_6_25_21_86_15_21_70_45_60_92_56_16_58_5_55_33_56_95_53_71_37_38_36_51_29_74_46_91_82_69_8_10_31_18_31_18_17_73_51_94_19_13_94_60_28_81_60_21_67_19_7_2_28_44_100_29_72_5_10_90_59_41_75_23_85_26_36_38_100_70_73_32_4_71_44_69_33_79,5,0.445378,131.295
gene_99_5_40_15_25_62_51_26_9_71_96_5_47_54_52_67_87_93_38_6_38_29_70_62_93_57_24_70_45_63_32_91_14_64_80_16_35_56_95_48_64_22_38_36_36_9_74_21_91_79_16_4_10_31_88_43_30_76_90_36_68_36_45_87_73_3_9_40_21_67_20_7_78_80_42_98_63_53_12_29_11_59_41_71_96_95_31_12_21_42_70_66_91_9_71_44_60_38_48,4,0.363078,130.564
gene_51_54_99_46_28_62_29_23_72_66_86_22_37_74_82_74_99_49_91_22_11_28_75_27_18_11_21_75_67_100_90_74_9_100_91_43_6_73_95_54_85_66_82_39_39_67_98_0_81_59_66_50_100_29_66_23_68_88_84_53_48_35_16_95_94_62_99_44_49_64_88_70_78_76_92_46_0_55_35_35_86_53_44_64_13_100_98_69_69_24_70_56_76_62_84_26_68_4_79,3,0.289549,123.855
gene_54_6_17_59_6_40_34_27_13_40_51_3_1_56_91_24_91_28_80_63_11_80_35_13_50_20_5_16_14_59_24_53_0_17_37_54_81_47_88_53_13_37_9_39_16_21_2_40_44_59_60_76_77_24_88_43_18_92_84_25_98_16_48_45_55_63_72_100_4_32_72_80_96_80_44_81_27_33_48_10_12_3_28_53_89_95_51_54_43_90_71_56_97_0_8_18_69_81_72,4,0.285981,123.482
gene_31_62_58_81_41_85_51_65_61_92_55_6_93_59_76_57_100_53_55_17_8_36_25_62_47_77_97_1_6_99_31_74_14_62_30_1_19_76_14_22_69_35_82_71_49_24_64_6_45_34_16_70_85_28_71_22_79_87_28_84_49_16_46_74_54_62_72_74_2_67_72_70_88_46_41_44_62_39_7_8_86_53_28_90_82_100_27_57_28_100_17_25_30_9_56_42_59_39_5,4,0.349887,122.871
gene_49_7_83_66_6_34_49_62_60_39_57_29_98_63_32_56_100_24_92_36_13_36_31_62_52_61_98_63_65_58_18_89_33_37_87_27_19_100_9_53_64_31_82_71_5_29_64_6_44_55_14_65_84_32_72_39_39_46_84_92_100_16_29_91_71_30_9_43_91_35_93_14_95_64_9_44_62_53_48_86_86_74_33_88_42_95_30_0_7_94_35_66_89_9_82_20_59_41_5,3,0.30492,122.206
gene_50_1_40_62_16_63_96_63_26_80_91_15_47_56_88_78_3_26_31_17_34_11_2_63_73_45_5_0_45_55_77_98_90_36_95_1_57_91_9_51_21_65_76_60_35_36_61_4_71_61_44_27_91_31_100_4_48_85_28_51_94_55_43_77_49_17_68_98_2_69_79_51_85_80_43_13_62_60_70_43_59_67_14_8_37_11_19_70_48_95_85_38_96_8_19_32_33_45_60,2,0.28502,121.875
gene_53_9_93_64_38_84_64_21_100_67_89_47_65_20_88_38_57_50_44_6_11_78_35_100_86_96_96_75_65_61_15_72_6_34_41_40_11_55_84_62_26_31_56_22_1_12_24_37_89_82_69_76_100_31_95_16_58_45_70_75_98_44_87_48_3_34_77_62_96_59_70_74_91_78_14_100_27_55_1_72_86_5_33_96_72_15_30_0_66_98_64_73_17_70_55_82_81_82_43,6,0.313202,119.799
gene_36_48_40_23_50_57_4_69_99_41_89_52_47_18_28_18_22_26_38_17_8_29_36_39_40_66_97_32_26_93_20_53_6_3_3_27_86_61_89_47_69_39_71_40_30_15_53_7_91_31_80_58_28_30_72_4_58_73_84_40_49_20_41_94_7_30_25_58_0_29_19_84_84_64_38_29_60_56_70_34_86_48_31_93_90_97_23_78_26_97_95_66_30_6_19_40_62_48_72,4,0.498885,106.738
gene_100_33_8_77_50_56_56_4_61_33_61_3_1_55_63_57_91_43_41_6_31_80_37_17_15_60_64_75_36_64_27_92_0_53_3_74_44_69_69_85_73_79_67_65_31_15_81_52_85_64_6_4_97_32_67_58_39_0_94_29_94_66_44_49_66_20_6_93_16_46_76_7_85_83_4_92_37_35_89_41_15_11_75_90_13_95_19_47_43_92_7_31_26_79_11_55_85_82_32,2,0.204161,106.228
gene_63_54_62_87_23_59_49_31_61_67_92_76_36_33_80_68_95_31_38_1_67_91_57_37_86_81_25_32_50_100_10_50_22_34_89_38_85_80_90_63_97_39_29_22_43_71_58_5_44_64_14_2_55_35_86_39_100_76_84_28_100_16_67_96_96_21_9_100_50_64_70_80_95_64_9_41_0_6_53_32_14_82_53_60_42_55_12_70_7_9_95_31_66_83_43_18_67_61_58,3,0.271939,104.517
gene_55_57_62_77_20_58_32_23_72_61_89_22_40_32_80_73_91_26_33_73_11_83_34_27_18_69_21_64_34_57_36_74_97_57_93_34_11_40_82_98_24_45_65_39_39_8_3_6_81_34_89_71_100_29_71_39_73_46_41_52_30_35_36_95_91_100_11_100_43_51_72_60_79_78_11_92_0_6_29_35_4_0_65_11_0_95_50_0_29_94_96_66_69_6_84_21_81_88_5,3,0.259951,103.99
gene_95_68_28_64_45_49_52_69_27_83_92_60_32_77_84_38_90_28_43_29_9_79_95_27_15_24_97_62_40_56_20_100_49_32_41_43_17_47_84_62_20_66_19_71_35_14_22_5_89_72_64_76_100_28_21_16_48_38_88_24_30_81_87_48_34_96_69_73_0_66_0_45_25_28_55_53_33_6_5_30_8_66_33_98_72_100_27_5_61_91_70_56_74_9_84_41_68_43_30,3,0.411793,103.787
gene_100_84_12_23_46_62_50_72_6_36_99_28_99_56_29_62_83_45_7_20_2_9_43_60_30_25_100_60_51_95_29_95_89_20_79_36_60_63_90_49_29_22_76_7_43_5_53_1_85_75_96_11_22_27_73_50_80_7_84_66_100_19_51_49_26_35_6_45_16_47_52_74_79_85_43_94_62_72_5_33_10_83_42_74_68_65_26_38_100_94_94_38_30_88_20_37_16_36_0,2,0.401693,100.953
gene_26_25_55_31_8_66_48_69_24_81_55_27_58_15_100_71_22_96_37_36_4_83_36_59_89_25_97_75_33_15_2_95_49_61_62_55_58_76_48_73_91_66_3_22_17_35_79_13_82_71_59_42_91_1_75_39_100_51_71_26_9_19_16_77_5_30_81_64_71_57_72_70_94_21_100_42_47_72_4_34_11_18_99_9_64_91_76_1_43_100_77_58_7_6_70_92_19_44_54,5,0.298165,97.7804
gene_55_9_93_59_35_49_57_27_65_67_89_47_2_10_88_68_3_50_38_6_11_9_20_87_86_81_97_57_48_18_25_92_94_34_40_1_90_55_92_62_97_31_56_22_30_12_61_4_44_82_69_76_88_32_26_16_100_41_79_75_100_18_67_95_3_99_76_100_96_59_70_74_95_78_12_65_30_56_1_43_88_3_66_100_42_88_10_0_43_9_93_33_100_67_10_29_67_82_80,4,0.40715,93.005
gene_1_83_62_21_20_85_24_65_21_88_99_76_63_75_89_22_93_45_47_72_9_87_61_23_11_72_87_64_34_57_73_53_48_53_93_54_8_64_84_53_65_45_65_71_37_37_3_61_82_72_14_64_100_0_77_34_39_80_71_47_30_86_13_89_64_100_11_100_0_71_72_70_80_16_11_58_50_6_25_32_4_0_65_60_13_100_19_54_63_89_66_55_84_10_81_41_68_92_86,9,0.29363,90.9536
gene_26_54_30_59_10_59_26_65_10_67_91_31_44_47_85_65_95_31_34_36_9_81_38_38_53_52_55_64_58_90_27_53_34_37_37_69_68_69_66_99_62_70_75_20_49_15_71_13_46_17_15_66_94_30_81_50_100_79_86_52_100_88_100_93_85_59_81_64_0_69_16_20_35_83_41_6_32_33_29_10_17_70_14_90_94_100_19_3_36_89_7_58_67_83_80_52_85_35_42,5,0.254815,90.6582
gene_50_68_58_0_20_65_61_72_21_40_94_60_48_51_25_72_23_67_7_49_31_34_21_31_66_72_97_20_61_62_22_88_67_34_28_42_20_62_15_49_24_40_76_68_48_9_67_17_46_66_43_71_88_27_84_39_63_25_22_23_48_38_39_100_57_96_80_60_2_67_16_63_85_82_44_92_58_31_52_70_85_4_28_8_69_11_17_2_43_9_7_97_84_58_0_43_35_85_37,4,0.239114,90.384
gene_94_10_11_72_20_62_57_2_21_62_96_5_70_59_16_22_91_48_41_20_34_33_25_66_87_82_99_69_14_100_27_93_31_54_33_38_6_91_14_50_26_30_82_36_37_77_82_0_0_60_74_76_100_9_100_50_18_46_88_24_48_90_28_49_26_62_16_60_78_55_75_20_87_83_24_100_68_53_53_97_16_83_28_85_22_98_26_34_4_100_71_57_30_62_10_36_68_86_39,4,0.346189,90.1655
gene_50_34_15_75_11_35_56_27_62_59_94_24_1_51_81_71_3_26_89_51_67_34_51_66_88_35_9_91_28_58_76_53_0_63_0_27_58_48_9_20_29_65_37_80_52_63_72_7_100_65_6_72_84_1_75_47_100_56_91_27_100_7_28_52_66_64_21_96_2_68_76_91_82_81_42_96_62_35_48_10_85_82_59_38_13_65_49_28_88_3_70_66_72_6_76_39_23_79_81,1,0.414428,89.5245
gene_50_48_83_87_60_49_49_23_36_35_94_29_50_88_32_52_3_48_92_3_14_85_20_56_86_81_97_57_65_58_7_89_94_35_87_38_54_80_92_53_64_40_91_60_35_29_61_0_44_60_67_76_88_35_72_44_100_46_79_18_100_16_67_94_4_100_9_100_91_35_19_53_95_80_12_43_56_8_60_43_80_2_33_60_42_53_10_68_43_9_94_66_88_12_41_3_67_56_80,4,0.206117,89.4249
gene_92_54_58_28_19_49_6_28_61_40_55_69_11_11_34_61_83_45_33_65_14_82_36_60_88_29_43_74_45_64_26_88_60_37_100_1_20_54_92_85_94_46_73_29_17_5_14_4_89_71_72_71_90_58_96_42_60_27_90_25_95_37_28_24_75_23_74_74_91_68_72_56_94_81_48_58_66_35_70_48_89_49_28_92_13_86_49_29_4_100_42_71_85_9_10_92_14_38_29,6,0.365191,89.3944
gene_15_64_41_22_10_62_0_27_4_67_99_11_45_94_75_76_22_31_32_10_2_11_36_38_16_72_55_32_39_69_75_89_45_58_57_27_1_10_88_48_67_22_72_38_50_9_77_1_46_64_20_71_84_32_79_41_68_53_84_22_88_22_36_94_26_99_9_64_67_67_78_7_78_16_41_100_2_33_29_34_17_70_14_95_32_95_26_3_40_47_85_23_86_79_76_18_85_36_96,6,0.217733,89.0746
gene_63_29_57_91_50_48_56_5_61_64_61_3_1_53_27_68_100_39_41_1_17_80_39_17_90_60_97_0_50_61_35_88_34_61_3_74_44_80_13_63_96_39_71_27_31_15_0_52_85_51_14_4_97_38_67_58_43_5_79_29_100_29_67_49_99_14_9_93_100_46_50_7_85_64_12_92_62_63_53_32_15_70_13_14_42_53_15_70_8_96_95_31_81_9_11_18_67_64_30,4,0.179021,88.3702
gene_63_9_52_77_45_66_95_72_27_79_3_74_63_47_84_69_100_29_7_17_32_34_100_21_58_15_40_65_69_100_29_93_49_37_23_55_58_70_90_24_10_46_69_71_15_28_19_10_98_64_87_11_91_14_72_52_53_92_94_24_50_9_46_89_66_20_81_60_16_4_72_70_49_83_87_58_61_43_52_30_91_16_47_96_12_98_29_48_80_100_87_71_82_2_71_39_66_29_77,5,0.229464,87.1648
gene_53_61_93_90_21_84_51_21_100_67_93_47_65_67_9_38_87_93_39_6_34_78_35_62_97_56_91_5_54_63_20_69_70_34_42_40_11_48_40_85_26_81_56_91_36_9_75_5_85_79_69_47_100_31_100_43_30_20_65_28_98_44_45_99_76_3_6_64_96_69_70_74_73_80_16_100_27_53_69_70_86_0_35_100_72_69_30_0_66_42_70_38_17_70_55_85_81_82_50,2,0.371637,86.1097
gene_63_9_26_75_45_86_53_65_2_63_40_6_40_51_75_72_57_45_91_63_14_79_36_43_10_61_99_73_23_15_33_92_22_34_5_21_85_66_23_74_79_74_83_33_51_79_26_11_56_82_92_71_32_27_91_7_81_17_81_25_94_18_38_82_5_6_74_62_50_65_71_81_26_15_89_100_61_53_11_70_84_4_30_60_25_94_51_45_25_100_7_73_67_82_50_85_70_28_36,1,0.275519,84.5946
gene_96_54_62_86_23_62_6_72_60_79_55_5_36_26_100_23_95_31_7_75_10_91_43_37_10_25_100_74_39_100_15_50_25_20_80_36_85_65_85_98_26_46_76_2_39_5_56_21_62_65_49_2_96_34_72_28_17_76_88_53_98_35_13_99_26_99_6_40_23_67_73_80_79_74_97_96_47_33_29_68_10_13_28_60_13_100_26_38_72_94_7_31_66_83_3_92_16_38_60,2,0.211133,83.2423
gene_95_68_48_16_15_35_52_69_27_83_92_60_1_56_84_38_91_28_43_52_19_79_99_69_15_74_97_62_44_60_20_37_4_30_85_55_12_66_23_62_21_36_74_96_35_52_22_64_100_72_16_72_98_1_74_46_48_55_84_75_30_25_54_67_84_91_77_66_77_59_77_45_85_28_10_41_62_26_5_32_40_82_76_99_13_94_52_28_64_51_99_59_74_13_61_94_81_40_34,1,0.197182,80.2094
gene_0_2_41_44_10_43_8_65_7_78_42_30_63_47_50_67_90_31_14_14_2_80_90_62_93_72_53_0_39_63_75_54_33_59_62_53_33_10_88_56_71_32_6_22_35_39_76_7_39_64_92_45_96_33_91_39_19_53_45_23_94_18_11_100_26_28_72_65_67_47_72_56_78_64_12_58_61_33_29_35_13_70_37_51_96_100_49_45_21_95_70_60_86_83_71_13_85_0_96,1,0.273001,77.7784
gene_0_54_58_65_19_49_9_26_26_40_88_73_60_55_13_67_5_47_37_44_34_83_37_21_88_60_92_20_38_58_22_76_95_21_100_45_12_73_89_53_72_65_43_29_44_32_77_5_71_65_72_40_99_58_91_42_58_56_88_25_79_37_28_80_24_14_74_73_0_47_68_50_94_30_5_13_59_35_43_43_89_49_19_88_37_91_48_29_4_59_4_12_72_9_10_31_83_82_89,3,0.168269,74.7484
gene_55_6_63_10_20_62_62_65_14_32_57_6_32_36_56_52_91_55_38_63_9_1_20_21_58_24_97_61_17_56_20_98_37_58_5_55_33_73_15_63_17_37_34_35_51_24_78_46_91_6_69_33_99_28_23_31_18_25_73_32_94_94_8_92_64_27_84_100_0_65_19_84_93_92_11_100_55_68_13_48_4_0_61_70_23_4_50_14_64_100_100_37_17_79_84_41_67_33_29,3,0.306778,74.1154
gene_56_9_93_64_38_85_57_0_74_69_90_47_64_20_88_38_57_50_43_62_11_34_42_100_86_80_94_75_65_61_20_71_31_37_37_38_11_55_85_62_20_30_58_33_37_12_78_5_0_82_69_72_100_13_71_50_58_46_70_75_48_90_87_48_92_62_16_60_93_59_72_60_86_83_48_58_64_53_1_30_86_83_60_96_31_94_48_0_43_51_64_73_17_62_55_85_69_86_5,2,0.17996,71.445
gene_57_57_58_66_8_34_49_44_61_92_99_73_0_59_91_72_100_29_49_36_8_33_31_42_47_60_20_55_6_54_29_11_14_17_37_27_19_66_88_53_69_35_82_71_16_21_77_6_45_66_3_71_100_17_23_31_69_46_83_31_49_38_45_48_92_63_72_43_0_64_93_74_86_80_44_46_62_72_48_86_15_74_28_56_33_99_27_3_28_28_94_68_30_0_82_42_62_82_5,3,0.267445,63.5836
gene_0_54_62_63_47_49_57_27_26_80_88_73_63_11_81_65_5_45_37_20_1_36_25_62_88_72_60_65_38_18_16_74_95_19_62_51_21_65_95_54_95_10_6_86_30_15_84_2_41_63_16_45_31_58_70_44_15_25_79_40_49_32_49_99_64_69_85_74_49_68_77_100_94_26_12_13_74_35_9_28_60_17_19_68_90_90_7_32_26_48_70_32_12_9_66_22_67_28_36,7,0.156897,63.3324
gene_59_37_58_21_19_49_57_72_26_47_99_73_22_18_34_73_22_45_37_65_19_79_100_21_85_78_58_20_38_14_20_70_95_19_87_1_20_58_90_47_95_63_70_48_30_18_14_60_29_46_72_45_96_58_70_53_44_25_75_16_58_37_28_99_7_96_74_74_25_47_8_50_94_28_59_97_97_37_9_43_99_49_27_88_42_90_7_80_4_91_42_9_66_9_10_45_67_88_0,3,0.242836,60.1852
gene_63_5_12_68_48_54_54_66_87_71_94_28_47_52_52_66_100_68_38_67_38_29_70_21_93_15_97_70_38_57_92_65_14_50_80_39_1_73_95_47_75_22_6_68_46_29_76_93_46_35_94_71_10_28_76_56_9_70_87_22_85_19_14_100_64_5_81_40_11_67_72_7_84_64_10_14_62_26_100_70_17_59_41_14_26_95_75_69_38_89_70_35_64_6_71_44_69_38_78,6,0.236181,58.9665
gene_0_54_57_19_16_49_9_9_65_64_28_73_2_56_64_43_65_39_38_36_57_9_25_66_86_20_97_32_61_100_29_88_29_58_89_21_42_80_15_63_72_73_33_29_43_75_80_2_44_66_14_74_55_35_23_44_100_25_84_28_100_11_67_45_66_95_74_100_100_68_95_82_82_28_11_19_63_17_9_32_16_82_19_69_42_98_51_70_12_9_95_81_21_9_72_89_68_61_81,1,0.163794,58.1084
gene_0_6_17_70_62_59_27_55_26_80_57_15_53_65_17_23_100_24_31_53_8_96_55_17_5_20_5_73_38_60_25_52_6_58_96_1_57_61_89_31_21_63_82_60_41_36_81_4_47_61_69_76_91_24_100_4_45_91_84_51_98_42_48_65_77_63_63_60_0_32_72_51_96_83_12_46_27_64_70_21_89_49_43_60_23_90_51_70_48_95_3_56_97_0_19_86_67_45_12,1,0.223114,55.6944
gene_94_67_11_66_0_59_54_66_21_40_96_28_70_52_8_78_100_26_7_65_34_33_38_80_31_24_99_9_14_100_29_65_90_58_80_39_60_91_18_53_75_39_72_33_46_21_66_40_91_35_91_76_99_0_76_50_44_92_20_25_88_98_28_49_24_67_80_38_11_55_16_74_96_66_10_100_58_7_99_70_10_84_49_11_26_94_26_38_7_100_24_57_69_63_16_41_69_9_39,3,0.198917,52.947
gene_61_6_62_18_46_59_35_55_26_40_96_2_53_49_17_76_52_29_10_52_6_100_35_17_32_16_5_57_23_60_29_53_14_58_81_22_81_47_20_53_29_21_34_38_41_29_81_40_91_60_95_71_28_24_72_43_18_92_75_25_98_23_41_74_26_65_27_63_4_32_49_33_96_75_7_28_69_33_3_97_19_70_30_7_32_95_51_55_38_34_71_61_97_73_95_78_70_81_36,3,0.187884,49.7623
gene_49_49_22_44_50_3_57_74_60_65_57_25_40_19_62_73_91_26_19_63_9_6_31_21_40_76_98_61_57_55_20_99_40_3_5_53_33_65_15_53_66_10_34_40_51_6_78_47_44_66_96_73_96_35_72_42_18_89_73_51_49_6_41_93_5_17_11_57_81_65_75_84_93_64_16_100_60_72_53_10_73_27_36_71_90_85_7_14_26_50_95_78_12_4_50_89_70_88_29,3,0.176758,48.035
gene_50_63_13_19_20_49_53_27_68_70_100_33_2_47_67_35_39_48_91_20_11_9_36_87_91_72_92_57_62_17_7_53_94_34_40_1_85_80_88_28_64_39_76_22_31_65_53_0_44_61_67_77_97_1_26_44_100_85_84_57_98_18_52_95_0_68_86_100_91_43_78_20_85_16_38_6_98_31_29_43_11_3_17_71_42_95_26_68_100_89_93_31_100_18_95_18_67_56_80,2,0.24938,46.7486
gene_55_9_48_77_23_66_57_30_57_64_50_25_36_47_85_73_94_97_34_55_31_7_36_62_85_72_40_0_39_100_24_95_22_31_91_53_58_76_81_53_10_33_77_18_21_29_18_0_81_38_45_37_98_32_99_46_58_34_84_27_32_86_27_49_87_30_81_60_71_27_52_25_49_16_41_35_69_35_6_31_60_12_40_91_90_54_19_14_63_51_7_54_89_53_82_56_68_94_96,3,0.145094,33.8728
gene_18_5_53_68_63_64_54_25_65_67_96_30_65_60_61_75_96_31_41_73_37_11_100_68_89_78_97_67_43_61_34_98_0_37_41_52_82_73_14_90_75_24_75_42_51_9_0_17_46_11_44_78_91_34_44_39_63_22_38_75_9_46_49_100_66_63_81_68_2_67_19_63_85_25_42_84_66_72_75_10_59_12_40_94_69_11_98_28_43_52_69_54_85_36_90_52_40_82_0,1,0.119067,27.4353
gene_50_12_22_44_20_63_7_35_69_68_9_7_32_43_61_47_100_28_43_53_31_80_77_27_34_66_99_0_26_55_32_74_49_53_100_32_8_71_86_53_26_32_71_33_25_42_3_32_91_64_66_45_99_1_91_7_100_54_80_32_100_94_8_40_64_30_88_67_0_68_69_70_22_92_11_10_59_70_7_24_14_0_53_60_95_4_50_45_1_45_18_37_84_79_13_41_20_4_91,2,0.0730532,17.7091
gene_50_0_8_62_60_3_96_28_24_33_3_15_62_52_84_92_100_45_31_17_34_82_100_21_58_62_43_75_38_55_32_93_49_58_96_55_57_61_45_87_21_46_82_65_30_66_19_6_67_61_16_45_91_93_100_4_53_85_84_51_94_42_43_72_3_20_68_98_16_3_72_56_95_59_87_13_66_64_7_30_13_49_60_57_12_98_29_29_36_100_29_99_97_9_62_78_67_35_29,2,0.0754046,14.4848
gene_18_37_25_59_11_59_8_72_4_62_97_5_32_84_52_73_24_60_79_73_79_7_75_27_14_24_97_58_23_10_27_72_10_34_89_27_25_73_15_73_75_10_61_18_52_36_2_26_46_64_87_71_28_33_66_46_63_55_88_27_91_19_29_6_26_26_81_57_2_70_71_70_94_77_17_63_90_35_48_6_81_30_45_92_62_95_98_35_43_35_27_23_80_29_0_56_68_77_38,1,0.0371212,4.39041
gene_83_61_58_70_6_34_34_61_57_88_83_11_63_59_91_57_74_31_99_48_8_36_46_33_47_72_37_74_6_78_31_72_22_22_30_27_19_0_71_53_69_35_82_42_5_21_64_20_46_38_12_69_84_100_85_43_80_46_24_23_49_16_45_89_71_62_74_43_50_64_93_74_88_80_47_44_62_35_88_87_85_74_30_50_4_95_10_18_3_99_91_38_30_84_10_79_57_40_96,1,0.0276979,3.74973
gene_100_59_10_59_19_60_57_23_62_62_89_31_63_59_64_71_87_91_86_17_31_92_32_67_87_81_98_71_58_19_7_95_49_53_37_61_20_77_77_62_64_62_76_42_100_2_62_3_92_39_75_96_17_100_66_34_100_88_47_54_45_18_50_81_92_59_16_100_69_66_70_70_98_25_4_58_33_22_99_48_14_78_53_69_36_100_98_70_28_9_6_54_69_6_84_56_18_56_0,2,0.0228745,2.57792
gene_54_6_12_75_25_59_55_4_57_67_57_78_2_23_17_74_91_31_10_36_7_86_31_17_50_20_5_73_14_60_29_53_6_36_37_70_81_47_20_53_72_37_61_53_34_21_81_42_29_64_60_76_66_24_88_43_100_25_20_25_48_35_13_46_55_30_95_60_4_32_72_70_96_59_58_14_27_33_7_24_12_77_70_8_23_95_43_54_36_100_3_56_99_75_10_84_68_87_16,1,0.00446211,0.659311
gene_56_54_53_72_20_85_39_55_26_80_99_79_64_59_57_68_91_28_43_36_11_34_31_66_21_20_94_55_20_97_29_93_31_37_37_41_6_66_88_50_20_30_6_33_25_6_81_71_47_75_75_11_100_13_71_31_68_46_84_27_48_38_28_45_92_63_16_60_78_55_72_60_87_84_5_41_68_72_48_30_16_83_63_53_15_99_45_52_43_91_94_53_26_62_62_69_63_86_12,0,0,0
gene_54_51_12_23_10_61_54_27_6_67_99_5_36_56_17_8_90_31_91_23_11_11_34_66_10_16_1_74_61_100_75_53_22_17_37_27_13_61_88_74_6_70_77_41_16_35_53_1_99_35_87_66_13_36_79_52_83_86_84_53_93_25_52_74_87_15_93_73_50_27_52_2_88_80_41_58_64_33_48_70_87_7_37_59_16_97_24_48_43_89_94_59_26_79_71_18_80_44_77,0,0,0
gene_50_54_17_61_12_61_95_27_20_39_87_24_50_51_81_56_3_26_32_6_18_85_100_68_40_69_9_73_65_58_76_74_34_37_87_50_58_48_83_53_94_31_37_63_100_29_72_0_42_65_14_72_84_35_75_44_17_56_84_39_100_7_28_80_64_30_21_95_53_47_19_91_82_64_66_96_56_35_60_67_85_50_33_14_23_66_49_0_7_91_70_66_89_6_76_18_23_88_58,0,0,0
gene_63_2_65_45_50_86_53_65_2_67_94_6_70_51_89_99_57_51_14_67_33_80_1_62_93_56_24_57_47_63_54_54_6_34_62_21_33_40_54_55_66_32_78_33_51_39_76_7_19_64_16_45_98_33_91_4_18_92_45_23_49_43_13_69_10_26_77_65_1_65_72_7_95_16_89_100_61_53_5_87_84_25_32_51_96_85_29_45_1_100_70_73_85_34_71_89_49_28_36,0,0,0
gene_26_54_61_63_10_40_57_60_61_85_99_6_36_88_12_62_22_27_91_20_1_36_99_62_8_49_1_65_39_14_16_74_22_34_79_51_21_66_93_80_64_74_74_22_17_15_84_1_46_61_16_66_96_32_70_39_15_74_84_29_98_18_45_99_16_69_85_57_49_47_69_97_94_13_12_34_63_33_29_70_85_12_45_71_90_100_24_3_25_89_7_31_12_79_27_23_73_34_96,0,0,0
