genes_96_96_52_20_69_73_69_85_51_42_5_25_0_42_11_38_16_70_65_15_67_39_49_20_11_55_96_32_95_54_97_24_90,1,0.0104,573.1758,0.0,0.0
genes_96_97_52_19_69_73_69_86_53_41_5_25_0_42_13_37_16_70_66_15_64_36_48_20_11_54_96_32_96_56_97_24_90,2,0.0054,298.4053,0.0,0.0
genes_96_97_53_19_69_73_69_85_52_41_5_25_0_42_11_38_15_85_65_15_64_36_49_22_11_54_96_32_95_54_98_22_90,2,0.0054,295.0333,0.0,0.0
genes_96_97_53_19_69_74_69_85_52_42_5_25_0_42_11_37_16_70_66_15_65_36_49_21_10_54_96_32_95_55_97_24_90,2,0.0052,284.2248,0.0,0.0
genes_96_97_54_19_55_73_69_85_52_42_5_24_0_42_11_37_16_70_65_13_66_39_49_21_11_53_96_32_95_53_97_24_91,2,0.0048,264.7117,0.0,0.0
genes_96_97_55_20_69_73_69_85_52_40_5_25_0_42_11_37_16_70_66_15_64_36_49_20_10_55_96_32_96_55_97_24_90,3,0.0034,189.7366,0.0,0.0
genes_96_97_53_19_69_74_69_85_52_42_5_24_0_42_11_37_16_70_65_14_64_36_49_21_11_53_96_32_95_56_97_24_90,3,0.0034,187.1235,0.0,0.0
genes_96_96_55_20_69_73_69_85_53_41_5_25_0_41_11_37_15_70_66_15_66_38_49_20_12_54_96_32_94_55_97_24_90,3,0.0034,185.3278,0.0,0.0
genes_96_96_54_19_55_73_69_86_52_40_5_25_0_42_12_37_16_70_66_15_65_36_48_20_12_53_96_32_94_55_97_24_90,3,0.0034,185.2882,0.0,0.0
genes_96_97_52_19_69_73_69_86_53_41_5_25_0_42_12_37_15_70_65_15_67_36_48_20_11_54_96_33_95_56_97_22_89,3,0.0034,184.7588,0.0,0.0
genes_96_96_54_20_69_73_69_86_52_41_5_25_0_42_11_37_16_70_66_15_64_38_49_20_10_54_96_32_94_54_97_24_90,3,0.0033,183.2695,0.0,0.0
genes_96_97_55_19_55_73_69_85_53_42_4_25_0_42_11_38_15_70_64_15_65_36_49_18_11_54_96_32_95_54_97_22_91,3,0.0033,182.848,0.0,0.0
genes_96_97_52_19_55_73_69_86_51_41_5_25_0_42_11_38_16_85_65_14_67_36_49_20_11_54_96_33_95_57_97_24_90,3,0.0031,172.3967,0.0,0.0
genes_96_98_52_21_69_74_66_86_52_41_5_25_0_41_11_37_15_70_66_15_66_38_49_20_12_54_96_32_94_55_97_24_90,4,0.0028,153.4168,0.0,0.0
genes_96_97_52_19_69_73_69_86_53_41_5_25_0_42_13_37_16_70_66_15_67_36_48_20_11_54_96_32_95_56_97_22_89,4,0.0027,146.569,0.0,0.0
genes_96_96_55_20_69_73_69_86_52_41_5_25_0_42_12_37_16_70_67_15_66_37_49_20_10_56_96_32_95_54_97_24_90,4,0.0026,146.0446,0.0,0.0
genes_95_94_52_19_69_73_69_85_52_41_5_25_0_42_11_38_15_70_66_15_64_37_49_22_11_54_96_32_95_55_97_22_90,4,0.0026,145.9937,0.0,0.0
genes_96_95_55_20_55_73_69_85_51_41_5_25_0_42_11_38_15_70_66_15_65_35_49_20_11_54_96_33_95_54_97_22_90,4,0.0026,143.8938,0.0,0.0
genes_96_95_55_20_69_73_69_86_52_40_5_25_0_41_12_37_16_70_66_15_65_38_49_20_9_54_96_32_96_54_97_24_89,4,0.0026,143.8626,0.0,0.0
genes_96_94_52_19_54_73_69_85_51_41_4_25_0_41_11_38_15_85_66_15_64_36_49_21_11_54_96_33_96_55_97_22_90,4,0.0026,142.8142,0.0,0.0
genes_96_97_52_21_69_74_69_85_51_42_5_25_0_42_12_38_16_85_65_14_64_36_49_21_11_54_96_32_95_56_97_24_90,4,0.0026,141.444,0.0,0.0
genes_96_95_55_21_55_73_69_85_52_41_5_25_0_42_12_38_16_70_66_15_65_36_49_20_10_54_96_32_96_54_97_22_89,4,0.0025,140.1509,0.0,0.0
genes_97_94_54_19_55_73_69_85_53_41_5_25_0_42_11_37_15_85_66_15_66_35_49_20_11_54_96_32_95_54_97_22_90,4,0.0025,138.2696,0.0,0.0
genes_97_96_54_19_55_73_66_85_52_41_5_25_0_42_12_37_16_70_66_14_64_38_49_20_11_53_97_32_94_55_97_24_90,4,0.0024,130.6858,0.0,0.0
genes_96_95_55_20_55_73_69_86_52_40_4_25_0_43_12_37_16_85_65_15_64_36_48_20_10_54_97_33_95_55_97_24_89,5,0.0022,118.7887,0.0,0.0
genes_96_97_52_19_69_73_69_87_53_41_5_24_0_42_11_37_15_71_65_14_64_39_47_18_11_54_96_33_95_56_97_24_90,5,0.0021,117.0167,0.0,0.0
genes_95_97_55_19_69_73_69_87_52_41_5_25_0_41_11_38_15_70_66_14_65_39_49_18_12_54_96_32_94_54_97_24_89,5,0.0021,116.8954,0.0,0.0
genes_96_96_54_19_55_73_69_86_52_41_5_25_0_42_11_38_16_85_65_12_67_39_49_20_11_54_96_32_95_54_97_24_90,5,0.0021,115.9334,0.0,0.0
genes_97_98_52_19_69_73_69_86_52_41_4_24_0_41_12_37_16_70_65_15_65_36_49_20_11_53_96_33_95_56_97_24_89,5,0.0021,115.6194,0.0,0.0
genes_96_96_55_20_69_73_69_86_52_42_5_25_0_42_11_37_16_85_66_15_64_36_49_20_10_55_96_32_95_54_97_24_89,5,0.0021,114.4719,0.0,0.0
genes_96_95_55_19_55_74_69_85_52_41_5_25_0_42_11_37_16_85_66_15_63_36_49_21_10_54_96_32_94_55_97_24_89,5,0.0021,113.8845,0.0,0.0
genes_96_95_55_20_69_73_69_85_52_40_5_25_0_41_11_37_16_70_66_15_64_36_49_20_10_54_96_32_96_55_97_24_90,5,0.0021,113.0619,0.0,0.0
genes_96_96_52_20_69_73_69_86_52_42_5_25_0_42_12_38_16_70_66_15_64_39_49_20_11_55_96_32_95_54_97_24_90,5,0.002,111.5625,0.0,0.0
genes_96_96_52_19_69_73_69_85_51_41_5_25_0_42_11_37_15_85_67_15_64_35_49_20_12_54_96_32_95_55_97_22_90,5,0.002,110.0424,0.0,0.0
genes_96_97_52_19_55_73_69_85_53_41_4_24_0_41_12_38_15_85_65_15_67_36_47_21_11_54_96_32_95_55_97_22_91,5,0.002,109.9636,0.0,0.0
genes_97_96_54_19_69_73_69_85_52_42_5_25_0_42_11_37_16_70_65_14_64_36_49_20_11_53_97_32_94_55_97_24_90,5,0.002,108.1294,0.0,0.0
genes_96_97_52_19_69_73_69_86_53_42_5_25_0_42_12_37_16_70_66_15_67_36_48_20_11_55_96_32_95_55_97_24_89,5,0.0019,105.5219,0.0,0.0
genes_96_96_52_19_69_73_70_85_52_41_5_25_0_42_11_39_15_70_66_14_67_39_49_20_11_54_95_32_95_54_97_24_90,5,0.0019,104.1908,0.0,0.0
genes_96_95_52_21_55_73_69_86_51_41_5_25_0_42_12_38_16_69_66_15_64_36_49_21_11_53_97_32_95_54_97_24_90,6,0.0018,97.7255,0.0,0.0
genes_95_97_55_20_69_73_69_85_52_41_5_25_0_42_11_38_16_70_66_15_64_39_49_20_11_54_96_32_96_54_97_24_90,6,0.0018,97.3313,0.0,0.0
genes_96_96_54_20_69_73_69_85_53_42_5_25_0_42_11_37_15_70_65_15_64_38_49_20_12_54_96_32_94_55_97_24_90,6,0.0018,97.0986,0.0,0.0
genes_96_95_54_20_55_73_69_86_52_40_4_25_0_41_12_37_16_70_65_15_65_36_48_20_10_54_96_32_96_55_97_24_89,6,0.0017,95.989,0.0,0.0
genes_95_97_52_19_69_73_69_86_53_41_5_25_0_42_12_36_16_85_65_14_67_36_47_21_11_54_96_33_95_57_97_22_90,6,0.0017,95.0157,0.0,0.0
genes_96_94_52_19_69_73_69_85_51_41_5_25_0_42_11_38_16_85_65_15_64_35_49_20_11_54_96_33_95_57_97_22_90,6,0.0017,94.8606,0.0,0.0
genes_96_98_52_20_69_73_69_85_53_41_5_24_0_41_12_37_15_70_66_16_64_38_49_20_11_54_96_33_95_55_97_24_90,6,0.0017,94.4499,0.0,0.0
genes_97_94_54_19_55_74_69_86_51_41_5_25_0_42_11_37_16_85_66_15_64_38_50_20_11_54_96_33_94_54_97_22_90,6,0.0017,94.3427,0.0,0.0
genes_96_96_52_19_69_73_69_85_51_42_6_25_0_42_12_38_16_70_66_14_67_39_49_20_11_54_96_32_95_54_97_24_90,6,0.0017,93.7743,0.0,0.0
genes_96_95_52_21_69_73_69_85_51_40_5_25_0_42_11_38_15_85_67_15_66_36_49_21_10_53_96_32_95_54_97_24_89,6,0.0017,93.0363,0.0,0.0
genes_97_97_54_20_69_73_69_85_52_40_5_25_0_42_11_37_16_70_65_15_64_36_49_20_11_55_97_32_94_55_97_24_90,6,0.0017,92.7166,0.0,0.0
genes_96_96_54_19_55_73_69_85_51_42_5_25_0_42_11_37_16_85_66_14_64_35_49_20_11_54_96_32_94_54_98_22_90,6,0.0017,91.0784,0.0,0.0
genes_96_97_52_19_69_73_69_85_53_41_4_24_0_42_12_36_15_85_65_14_67_36_49_21_11_54_96_32_95_55_97_22_90,5,0.0016,90.6697,0.0,0.0
genes_96_94_55_20_55_73_69_85_52_41_5_25_0_42_12_38_15_70_66_15_64_36_49_20_10_54_96_33_96_54_97_24_89,6,0.0016,90.4843,0.0,0.0
genes_96_94_55_20_55_73_69_85_51_41_5_25_0_42_11_38_15_85_66_15_64_35_49_23_11_55_96_32_95_54_97_22_90,6,0.0016,90.3177,0.0,0.0
genes_96_96_55_20_55_73_66_86_52_40_5_25_0_43_12_37_16_70_65_15_65_36_49_20_10_54_96_32_96_55_97_24_89,6,0.0016,89.5596,0.0,0.0
genes_96_97_55_19_69_73_69_85_52_40_5_25_0_41_11_37_16_70_66_15_65_36_49_20_10_54_96_32_95_54_97_24_90,6,0.0016,89.3235,0.0,0.0
genes_95_97_55_19_69_73_69_86_52_41_6_25_0_42_11_37_16_70_66_15_66_39_49_20_11_53_97_31_95_54_97_24_90,6,0.0016,86.9529,0.0,0.0
genes_97_96_55_20_55_73_69_85_52_40_5_25_0_41_11_37_16_70_66_13_66_39_49_20_10_54_96_32_96_53_97_24_89,7,0.0015,85.2109,0.0,0.0
genes_96_96_55_20_55_73_69_86_52_40_4_25_0_42_12_37_16_85_66_15_65_36_48_20_10_55_96_32_95_53_97_24_90,7,0.0015,84.627,0.0,0.0
genes_96_95_55_19_55_73_69_85_52_41_4_25_0_42_12_37_16_85_65_14_67_39_49_20_10_54_96_32_95_55_97_24_89,7,0.0015,83.4212,0.0,0.0
genes_96_97_53_19_69_73_69_85_52_42_5_25_0_42_12_37_16_70_65_15_64_36_49_21_10_55_96_32_95_56_97_24_90,7,0.0015,83.2859,0.0,0.0
genes_96_97_55_19_69_73_69_85_52_40_5_25_0_42_11_37_16_70_66_15_65_36_48_20_10_54_96_32_95_55_97_24_90,7,0.0015,83.0242,0.0,0.0
genes_96_96_54_19_55_73_69_86_52_42_5_25_0_42_11_37_16_70_66_13_66_39_49_20_12_54_96_32_94_53_97_24_90,7,0.0015,82.1338,0.0,0.0
genes_96_95_52_19_55_73_66_85_51_41_5_25_0_43_11_37_15_85_66_15_65_36_48_22_10_54_96_32_95_55_97_24_89,7,0.0015,82.0663,0.0,0.0
genes_97_96_55_19_69_73_69_87_52_41_5_25_0_42_11_38_15_70_65_14_65_39_49_20_11_53_97_32_94_55_97_24_90,7,0.0015,82.0302,0.0,0.0
genes_95_96_55_20_69_73_69_87_52_41_5_25_0_41_11_37_15_70_66_14_66_39_49_20_12_54_96_32_95_55_97_24_90,7,0.0015,81.3292,0.0,0.0
genes_96_96_55_19_69_73_69_85_52_41_5_25_0_42_11_38_16_70_67_15_66_38_48_20_10_53_97_33_94_55_97_24_90,7,0.0015,81.2231,0.0,0.0
genes_96_96_54_20_69_73_69_86_52_42_5_25_0_42_11_37_16_70_66_15_66_36_49_20_12_55_96_32_95_54_97_24_90,7,0.0015,80.9067,0.0,0.0
genes_97_96_54_20_69_73_69_85_52_42_4_25_0_42_11_37_16_70_66_14_65_37_49_20_11_53_96_32_94_55_97_24_89,7,0.0014,79.7904,0.0,0.0
genes_96_96_55_19_69_73_68_86_52_42_5_25_0_42_11_37_16_70_66_13_64_36_49_20_10_54_96_32_94_55_98_24_90,7,0.0014,79.6876,0.0,0.0
genes_96_96_54_19_69_73_69_86_53_41_5_25_0_42_11_37_16_70_66_15_66_38_49_20_12_54_96_32_94_55_97_24_90,7,0.0014,77.9468,0.0,0.0
genes_96_94_52_19_55_73_69_85_53_41_5_25_0_42_11_36_16_85_66_15_64_35_49_22_11_54_96_33_95_54_96_22_90,7,0.0014,77.8893,0.0,0.0
genes_96_95_52_21_55_73_69_85_53_41_4_25_0_42_12_38_15_85_66_15_64_36_49_21_11_54_96_32_95_54_97_23_91,7,0.0014,76.7109,0.0,0.0
genes_96_95_55_20_69_73_69_85_52_40_5_25_0_41_12_37_16_70_66_15_65_36_49_20_10_55_96_32_96_54_97_24_89,7,0.0014,74.6937,0.0,0.0
genes_96_96_54_19_69_73_69_85_52_41_5_25_0_42_11_38_15_70_66_15_66_38_49_20_12_53_97_33_95_54_97_22_90,7,0.0014,74.6749,0.0,0.0
genes_96_95_55_20_69_73_69_85_52_40_4_25_0_43_12_38_16_70_65_15_65_36_48_20_10_54_96_32_95_54_97_24_89,8,0.0013,72.5186,0.0,0.0
genes_95_97_53_19_69_73_69_87_52_41_5_24_0_42_11_38_15_70_65_14_64_39_49_18_11_54_96_32_95_56_96_24_90,8,0.0013,71.6144,0.0,0.0
genes_96_97_55_19_69_73_69_86_52_40_5_25_0_42_11_37_16_70_66_15_64_36_49_20_10_55_96_32_94_55_97_24_90,8,0.0013,71.5343,0.0,0.0
genes_97_98_52_19_69_73_66_86_52_41_4_25_0_42_12_37_15_70_66_15_64_38_49_20_11_53_96_32_94_56_97_22_89,8,0.0013,71.5208,0.0,0.0
genes_95_95_55_19_69_73_69_85_52_41_5_25_0_42_11_38_16_85_65_14_67_39_49_20_11_54_96_32_95_54_97_24_90,8,0.0013,71.3362,0.0,0.0
genes_96_96_55_20_69_73_69_86_52_42_5_25_0_42_12_37_16_70_66_15_64_36_49_20_10_55_96_32_95_54_97_24_90,8,0.0013,70.3223,0.0,0.0
genes_96_94_53_19_69_73_69_85_51_41_5_24_0_42_11_37_15_85_66_14_64_36_49_21_11_53_96_32_95_54_97_22_90,8,0.0013,69.5323,0.0,0.0
genes_96_96_54_19_55_73_69_86_52_42_5_25_0_42_11_37_16_70_65_14_64_37_49_21_11_54_97_32_94_55_97_24_90,8,0.0013,69.4259,0.0,0.0
genes_97_97_55_20_69_73_69_85_52_41_5_25_0_42_11_38_16_70_66_15_64_35_49_20_11_55_96_32_95_54_97_24_89,8,0.0013,69.106,0.0,0.0
genes_96_98_52_19_69_73_69_85_53_41_5_25_0_42_11_37_15_70_65_15_64_36_49_20_11_54_96_33_95_56_97_22_90,8,0.0012,68.6778,0.0,0.0
genes_96_96_55_20_69_73_69_86_53_42_5_25_0_42_11_37_16_70_66_14_66_36_49_20_12_55_96_32_94_54_97_24_90,8,0.0012,68.036,0.0,0.0
genes_96_98_52_20_69_73_69_85_52_41_4_24_0_41_12_37_16_70_65_15_64_36_47_20_11_54_96_32_95_54_97_22_89,9,0.0012,65.957,0.0,0.0
genes_96_96_55_20_69_73_69_85_52_42_5_25_0_42_12_37_16_70_66_15_64_35_49_20_10_54_96_32_95_54_97_23_90,9,0.0012,64.2936,0.0,0.0
genes_96_98_52_20_55_73_66_86_51_40_4_25_0_42_12_37_15_70_66_15_65_38_49_21_11_54_96_32_94_54_97_22_89,9,0.0011,62.8164,0.0,0.0
genes_96_96_54_19_55_73_69_86_52_42_5_25_0_42_12_37_16_70_66_13_66_39_49_20_12_54_96_32_95_53_97_24_90,9,0.0011,60.2691,0.0,0.0
genes_96_96_54_19_55_73_69_86_52_41_5_25_0_42_11_36_16_85_65_13_67_39_49_20_11_54_96_33_94_53_97_24_90,10,0.001,57.7417,0.0,0.0
genes_96_97_55_19_69_74_69_87_52_41_5_25_0_41_11_37_15_70_66_15_66_39_49_20_10_54_96_32_96_54_97_24_89,10,0.001,56.1968,0.0,0.0
genes_96_96_52_21_69_73_69_86_51_41_5_25_0_42_11_37_15_70_66_15_64_38_49_20_11_54_97_32_95_54_97_22_90,10,0.001,55.747,0.0,0.0
genes_96_95_52_21_55_74_69_85_51_40_5_25_0_42_12_38_15_85_66_15_64_36_49_21_11_54_96_32_95_54_97_22_89,10,0.001,55.5236,0.0,0.0
genes_96_97_55_20_69_73_69_86_53_41_5_25_0_42_11_37_16_85_65_15_67_36_48_20_11_54_96_33_95_57_97_22_90,11,0.001,53.1375,0.0,0.0
genes_95_97_55_19_69_73_69_85_52_41_5_25_0_42_12_37_16_70_66_14_65_39_49_18_10_54_96_32_95_54_97_23_90,11,0.001,52.3956,0.0,0.0
genes_96_98_52_19_55_73_66_86_53_41_4_25_0_42_12_37_15_70_66_15_64_38_47_20_11_53_96_33_94_55_97_22_89,11,0.0009,50.9057,0.0,0.0
genes_97_96_54_19_69_73_69_87_52_42_5_25_0_42_11_38_16_70_66_14_64_39_48_20_11_53_96_32_95_54_97_24_90,11,0.0009,50.4542,0.0,0.0
genes_96_95_55_20_69_73_69_85_52_42_5_25_0_42_11_37_16_70_65_15_64_36_49_20_11_53_96_32_95_56_97_24_90,12,0.0009,48.0579,0.0,0.0
genes_97_97_53_20_69_73_66_85_52_42_5_25_0_42_12_37_16_69_65_15_65_36_49_20_11_53_96_32_95_56_97_24_90,0,0.0,0.0,0.0,0.0
genes_96_97_52_19_69_74_69_86_53_41_5_25_0_42_11_37_16_85_65_14_64_36_49_20_11_54_96_32_95_57_97_24_90,0,0.0,0.0,0.0,0.0
