genes_85_77_60_100_18_95_37_34_24_46_27_65_0_70_31_0_21_82_74_11_78_96_3_34_65_48_78_88_2_60_50_17_75,3,0.0033,3.6111,0.0,0.0
genes_2_39_75_7_45_66_71_38_47_100_2_74_0_57_42_62_7_86_13_49_9_67_0_23_0_3_79_27_19_42_91_66_77,3,0.0031,3.4028,0.0,0.0
genes_85_11_31_96_43_8_8_97_87_39_57_68_0_77_41_57_65_50_70_67_9_39_91_43_76_17_11_37_61_30_4_84_39,4,0.0028,2.9922,0.0,0.0
genes_56_44_77_48_47_79_29_64_33_42_51_58_0_28_75_77_72_77_40_70_81_83_40_34_21_62_0_13_60_66_54_0_13,4,0.0025,2.7188,0.0,0.0
genes_87_93_38_90_29_71_69_88_64_49_25_16_0_77_58_25_29_39_70_59_99_0_39_91_5_89_74_98_51_60_40_26_100,4,0.0025,2.6562,0.0,0.0
genes_51_98_34_78_82_82_24_59_50_74_5_49_0_39_29_77_33_41_100_97_19_92_64_79_13_31_49_73_68_0_28_6_1,4,0.0025,2.6562,0.0,0.0
genes_38_88_79_57_60_12_49_59_23_13_0_65_0_6_98_8_43_57_60_95_13_3_94_12_49_5_88_54_82_65_81_31_26,4,0.0024,2.5586,0.0,0.0
genes_42_73_90_37_43_0_78_14_87_80_93_67_0_33_59_58_50_57_66_30_90_45_54_45_84_17_5_74_0_74_4_19_7,4,0.0024,2.5547,0.0,0.0
genes_2_56_65_49_95_79_66_88_46_6_76_80_0_61_51_47_75_49_80_41_4_88_68_93_0_11_86_32_42_72_41_24_43,4,0.0023,2.5,0.0,0.0
genes_0_39_90_99_45_66_71_35_22_79_9_74_0_6_31_0_2_82_9_7_62_24_5_34_55_48_78_88_61_60_50_66_77,4,0.0023,2.5,0.0,0.0
genes_69_20_99_63_36_18_42_42_6_29_23_41_0_38_59_67_6_73_91_59_1_84_93_71_17_67_84_38_91_90_94_40_3,5,0.0022,2.35,0.0,0.0
genes_78_71_65_45_98_17_25_99_52_85_51_31_0_52_42_93_11_18_89_76_77_94_79_68_31_61_72_32_17_38_70_66_15,5,0.0022,2.34,0.0,0.0
genes_38_54_65_58_60_74_52_86_5_17_87_60_0_8_63_8_68_13_42_65_10_3_79_79_17_6_63_92_25_100_81_49_26,5,0.0021,2.3125,0.0,0.0
genes_71_4_59_28_85_1_80_76_43_54_93_94_0_9_68_98_85_97_19_16_86_0_95_79_20_94_61_4_31_60_8_97_37,5,0.0021,2.3,0.0,0.0
genes_66_76_12_45_18_65_78_5_55_100_14_8_0_51_42_6_97_18_64_76_77_62_79_57_48_61_72_6_17_2_99_2_89,5,0.002,2.21,0.0,0.0
genes_46_13_44_10_10_84_48_5_27_91_36_61_0_79_25_73_9_51_74_46_70_50_60_62_77_20_38_86_51_40_47_25_48,6,0.002,2.1528,0.0,0.0
genes_55_12_24_61_95_18_7_90_46_45_21_98_0_61_53_87_90_88_89_66_70_88_70_32_93_7_86_95_42_94_86_51_11,5,0.002,2.1375,0.0,0.0
genes_0_21_5_99_50_25_38_66_78_80_9_40_0_44_68_65_40_15_28_90_55_24_68_34_39_49_92_95_6_60_82_13_93,5,0.0019,2.1,0.0,0.0
genes_77_11_24_8_11_16_62_97_58_39_79_94_0_77_41_1_87_64_35_78_9_48_95_43_41_52_51_37_65_75_84_84_39,5,0.0019,2.095,0.0,0.0
genes_61_13_48_11_4_84_16_5_72_29_36_22_0_57_25_37_9_73_74_60_70_82_31_91_77_24_97_53_11_39_3_90_48,5,0.0019,2.07,0.0,0.0
genes_20_4_76_3_54_74_80_62_36_50_47_94_0_28_21_98_92_13_38_53_86_57_81_10_99_89_12_59_38_60_8_61_9,5,0.0019,2.04,0.0,0.0
genes_47_21_79_62_60_0_84_78_46_13_48_30_0_63_98_91_21_16_19_83_48_0_73_66_46_57_88_21_82_73_96_97_37,5,0.0018,2.0,0.0,0.0
genes_46_1_30_97_81_63_43_45_48_81_76_100_0_36_20_45_87_85_46_41_13_66_62_87_72_50_18_21_26_12_76_82_6,6,0.0018,1.9618,0.0,0.0
genes_57_47_5_11_99_55_16_57_7_60_18_92_0_91_15_65_44_63_28_42_20_62_14_28_71_93_16_97_89_37_20_90_83,6,0.0018,1.9444,0.0,0.0
genes_11_22_72_43_27_9_45_13_43_46_52_91_0_78_20_54_56_85_29_26_6_33_10_87_79_50_4_67_66_29_9_25_6,6,0.0018,1.9444,0.0,0.0
genes_31_4_76_3_54_78_52_62_7_50_6_22_0_41_21_58_92_13_3_69_86_17_81_76_71_10_85_59_72_27_50_0_29,6,0.0018,1.8958,0.0,0.0
genes_25_99_46_40_67_74_43_73_51_24_82_79_0_8_19_95_51_81_50_2_31_46_86_93_49_78_42_37_51_22_35_51_38,6,0.0017,1.8507,0.0,0.0
genes_12_79_30_72_40_63_65_53_48_88_55_100_0_21_70_43_26_87_87_86_12_66_71_69_33_51_30_56_22_16_82_99_3,6,0.0017,1.849,0.0,0.0
genes_26_79_0_89_26_42_65_35_67_95_51_81_0_13_33_57_45_83_34_86_92_90_58_53_29_53_34_0_21_21_57_26_3,6,0.0017,1.8385,0.0,0.0
genes_55_62_25_89_83_42_24_31_50_95_66_49_0_29_33_94_38_45_34_89_97_21_62_38_13_37_34_26_81_89_8_26_89,6,0.0017,1.8333,0.0,0.0
genes_50_69_29_6_18_3_39_56_65_91_71_90_0_57_37_71_66_47_85_58_76_55_63_82_61_37_75_31_60_25_65_93_12,6,0.0017,1.7934,0.0,0.0
genes_0_31_68_96_39_3_67_23_25_14_41_12_0_56_68_5_55_100_19_70_96_41_89_68_9_92_5_37_91_70_87_79_59,6,0.0016,1.7205,0.0,0.0
genes_67_44_2_48_23_52_29_94_33_37_46_46_0_71_25_64_81_32_38_24_1_83_40_15_37_75_74_4_18_41_19_93_43,6,0.0016,1.6944,0.0,0.0
genes_74_60_49_89_47_51_83_25_35_54_90_19_0_83_100_92_13_59_28_34_72_66_5_84_85_53_78_1_88_52_55_75_58,6,0.0016,1.6944,0.0,0.0
genes_87_95_60_25_83_74_74_39_24_49_25_95_0_49_23_40_21_74_29_70_76_1_39_45_97_47_65_96_9_34_33_26_97,7,0.0016,1.6811,0.0,0.0
genes_83_56_12_45_30_65_67_99_89_13_41_31_0_38_68_93_88_18_71_25_77_71_83_68_51_61_69_6_17_69_54_66_82,6,0.0015,1.6667,0.0,0.0
genes_85_31_87_43_29_69_36_77_51_49_84_67_0_77_39_55_9_74_54_2_99_1_81_15_87_83_74_1_13_61_10_45_97,6,0.0015,1.6667,0.0,0.0
genes_55_14_45_69_100_17_30_99_54_93_21_69_0_20_60_17_11_87_40_46_17_45_70_78_65_6_55_28_58_58_23_7_11,6,0.0015,1.6667,0.0,0.0
genes_4_98_23_74_24_90_37_59_55_17_1_70_0_1_16_25_49_88_64_60_31_3_27_12_44_60_61_92_64_74_81_30_26,7,0.0015,1.6046,0.0,0.0
genes_71_4_90_99_86_55_34_86_36_99_9_65_0_70_67_98_72_70_55_11_86_24_95_54_27_48_78_88_83_60_8_17_26,7,0.0015,1.5816,0.0,0.0
genes_30_66_77_32_31_79_94_71_2_34_81_7_0_18_18_0_83_27_80_70_84_6_40_21_21_62_41_13_60_95_23_0_71,7,0.0014,1.5612,0.0,0.0
genes_21_54_55_27_60_98_62_76_89_1_54_16_0_43_70_83_88_96_72_25_44_36_6_36_65_92_69_58_74_17_91_82_19,7,0.0014,1.5612,0.0,0.0
genes_65_88_32_12_31_74_69_88_51_49_99_44_0_75_50_40_9_95_19_70_41_1_39_15_82_49_74_10_80_30_40_87_94,8,0.0014,1.5459,0.0,0.0
genes_88_94_10_9_37_13_100_55_99_22_14_23_0_39_52_15_18_55_80_37_67_21_10_61_13_87_14_8_2_83_58_14_62,8,0.0014,1.5049,0.0,0.0
genes_49_9_15_26_92_43_26_80_17_97_29_69_0_20_60_17_86_80_46_21_50_45_5_78_65_65_59_91_44_58_23_77_76,7,0.0013,1.4592,0.0,0.0
genes_72_30_62_49_38_55_80_85_23_99_93_29_0_10_70_98_85_40_68_33_86_57_6_46_56_67_12_48_12_60_8_94_49,8,0.0013,1.4502,0.0,0.0
genes_18_98_25_65_83_37_24_19_50_42_5_10_0_29_51_58_69_91_98_69_94_20_14_43_5_31_67_16_38_82_8_21_36,7,0.0013,1.4286,0.0,0.0
genes_84_62_45_41_79_37_48_12_72_8_57_68_0_8_25_19_9_68_74_57_48_82_91_91_77_20_97_94_3_34_4_19_88,8,0.0013,1.416,0.0,0.0
genes_88_16_58_76_37_12_100_99_99_45_21_53_0_52_53_15_11_56_22_6_63_94_95_61_13_6_80_28_2_94_86_14_11,8,0.0013,1.3936,0.0,0.0
genes_67_44_2_7_40_52_35_94_33_42_93_58_0_28_75_77_70_77_40_69_35_87_8_54_0_87_74_93_83_66_9_59_43,8,0.0013,1.3906,0.0,0.0
genes_71_20_99_48_56_48_42_81_54_99_23_94_0_9_67_98_85_73_26_25_86_84_93_50_93_67_12_79_92_18_8_94_26,8,0.0012,1.3516,0.0,0.0
genes_22_98_63_99_12_37_24_28_44_74_5_75_0_61_11_77_62_41_83_19_95_21_36_42_15_31_44_27_63_42_12_98_1,8,0.0012,1.3281,0.0,0.0
genes_56_75_90_76_50_25_92_12_95_10_57_73_0_44_68_65_40_50_70_90_52_91_91_5_38_17_1_45_11_30_82_19_88,8,0.0012,1.2793,0.0,0.0
genes_28_29_52_19_7_49_62_46_21_4_57_38_0_43_83_44_38_89_72_93_12_0_6_36_5_87_44_62_74_15_86_28_90,8,0.0012,1.2744,0.0,0.0
genes_29_39_71_74_79_82_48_32_16_79_36_74_0_6_63_62_7_100_9_50_61_67_0_23_19_3_27_25_56_42_72_66_77,9,0.0012,1.2677,0.0,0.0
genes_53_60_60_89_31_51_91_27_15_54_66_29_0_80_67_92_70_56_68_34_3_79_6_84_85_80_87_31_88_65_55_75_15,8,0.0012,1.2627,0.0,0.0
genes_91_88_88_11_5_11_58_35_64_95_66_81_0_93_89_79_45_46_34_41_66_61_62_28_77_37_66_29_40_30_46_26_89,8,0.0012,1.25,0.0,0.0
genes_85_60_90_75_43_87_73_12_82_10_53_52_0_22_36_10_65_60_70_34_49_70_54_57_43_4_1_30_89_75_4_82_88,8,0.0012,1.25,0.0,0.0
genes_2_8_69_7_10_79_66_38_41_100_76_80_0_60_79_47_23_86_80_38_20_23_61_93_0_81_0_30_17_72_30_86_76,8,0.0012,1.25,0.0,0.0
genes_26_35_8_93_30_21_58_63_17_45_99_83_0_75_50_59_35_79_45_76_68_26_90_94_23_24_78_16_33_30_47_87_62,8,0.0012,1.25,0.0,0.0
genes_61_47_51_32_33_1_58_78_62_54_84_30_0_58_68_38_42_97_99_76_99_0_99_79_20_98_48_4_31_26_8_92_37,9,0.0011,1.2346,0.0,0.0
genes_47_8_76_74_54_75_13_26_7_50_47_30_0_28_68_95_92_97_20_69_81_17_73_77_20_90_15_59_34_73_35_97_9,9,0.0011,1.223,0.0,0.0
genes_11_22_65_44_27_18_16_28_43_87_49_75_0_46_43_8_62_100_83_26_3_33_8_7_79_80_4_67_63_33_14_53_78,9,0.0011,1.213,0.0,0.0
genes_20_7_76_2_54_21_13_62_100_50_16_34_0_53_61_95_92_41_81_1_81_39_81_4_22_89_37_56_38_27_8_14_19,9,0.0011,1.2122,0.0,0.0
genes_4_47_24_54_47_37_12_68_70_57_60_15_0_18_96_13_46_99_78_49_80_75_33_44_89_54_3_86_10_72_92_78_70,9,0.0011,1.1667,0.0,0.0
genes_87_88_38_14_46_74_69_12_83_49_57_68_0_8_26_18_9_74_70_67_49_1_39_15_5_18_70_45_0_60_40_26_97,9,0.0011,1.1582,0.0,0.0
genes_74_60_27_48_56_45_42_84_59_39_23_58_0_38_64_74_99_73_33_74_1_84_93_67_27_67_75_21_40_49_94_40_92,9,0.0011,1.1528,0.0,0.0
genes_34_60_90_65_43_37_92_12_5_3_60_68_0_8_43_38_65_50_19_48_49_90_91_7_43_17_11_45_0_30_68_19_88,9,0.0011,1.1404,0.0,0.0
genes_56_66_77_32_47_83_38_45_2_57_93_86_0_76_47_18_70_44_9_96_8_74_91_84_0_62_0_13_62_82_37_0_16,10,0.0011,1.1362,0.0,0.0
genes_7_98_62_74_24_87_37_76_78_1_73_52_0_1_36_10_40_60_50_34_49_94_54_57_93_60_61_63_64_75_93_82_29,9,0.001,1.1312,0.0,0.0
genes_72_56_42_61_95_77_7_41_25_6_72_98_0_4_31_28_80_51_47_66_91_88_60_32_19_47_86_81_18_45_42_37_43,10,0.001,1.1131,0.0,0.0
genes_91_40_88_57_83_100_37_34_62_40_68_19_0_90_76_12_38_37_74_84_45_96_36_14_54_83_81_34_13_59_17_53_75,10,0.001,1.1088,0.0,0.0
genes_87_4_42_11_29_75_52_6_51_49_25_44_0_77_96_58_18_24_3_70_85_55_35_76_5_47_74_6_81_60_42_0_97,10,0.001,1.1044,0.0,0.0
genes_21_29_52_19_98_98_62_73_54_4_41_14_0_43_60_44_38_84_40_26_12_45_5_36_26_88_59_31_74_15_2_7_71,10,0.001,1.1025,0.0,0.0
genes_12_94_30_70_81_61_44_97_5_3_76_100_0_21_40_45_26_87_19_48_69_82_62_7_68_10_30_56_29_100_40_27_48,10,0.001,1.0806,0.0,0.0
genes_38_11_29_13_29_8_7_84_59_78_9_96_0_39_63_74_99_16_59_76_9_2_13_32_27_31_9_37_41_54_80_84_89,11,0.001,1.0687,0.0,0.0
genes_76_69_53_5_84_100_21_49_82_17_66_19_0_67_34_47_38_58_95_83_34_4_3_87_54_83_90_55_46_85_89_21_44,11,0.001,1.064,0.0,0.0
genes_0_75_90_45_18_37_92_64_88_13_9_68_0_8_31_0_72_50_70_11_5_24_91_74_27_52_0_88_2_30_54_22_88,10,0.001,1.06,0.0,0.0
genes_56_66_77_32_18_42_53_63_39_34_21_21_0_76_47_0_42_27_9_25_97_98_40_38_51_62_52_13_86_51_100_12_16,11,0.001,1.0517,0.0,0.0
genes_2_20_69_7_43_79_68_38_52_41_56_12_0_61_64_50_75_42_80_41_84_53_38_93_0_86_79_15_58_71_79_8_69,10,0.001,1.0481,0.0,0.0
genes_70_61_0_43_96_46_40_28_17_91_9_23_0_57_56_73_80_22_47_76_53_34_60_14_83_84_21_81_18_3_73_37_32,10,0.001,1.0469,0.0,0.0
genes_18_11_45_21_29_43_8_76_89_39_79_96_0_77_51_57_87_84_61_26_9_39_25_43_72_65_9_37_65_18_84_85_71,11,0.0009,1.0181,0.0,0.0
genes_34_48_90_99_18_100_60_92_78_54_4_65_0_52_31_1_66_98_70_95_82_19_5_35_3_48_78_88_58_93_50_17_93,10,0.0009,1.0162,0.0,0.0
genes_54_60_90_41_85_35_67_12_91_10_57_44_0_73_92_18_65_63_70_67_24_12_91_74_32_62_12_45_0_32_63_96_87,10,0.0009,1.015,0.0,0.0
genes_2_53_0_75_40_66_72_81_78_88_14_52_0_93_74_57_75_83_66_86_12_90_71_57_93_62_29_63_49_16_93_49_90,11,0.0009,1.0088,0.0,0.0
genes_74_38_94_89_10_51_47_25_15_73_76_42_0_80_81_64_19_8_56_15_20_62_56_83_47_81_87_30_48_64_30_75_15,11,0.0009,1.0,0.0,0.0
genes_0_77_20_100_6_76_3_69_78_13_14_65_0_70_94_0_72_83_64_11_85_24_5_34_30_48_74_88_93_33_68_17_93,11,0.0009,0.9959,0.0,0.0
genes_67_66_5_82_48_55_34_18_89_60_8_76_0_8_33_95_96_81_50_42_32_99_19_65_71_78_42_97_4_37_20_51_83,11,0.0009,0.9463,0.0,0.0
genes_85_66_79_86_99_36_16_57_7_60_18_46_0_56_25_65_81_34_28_24_20_87_57_47_84_10_29_97_18_37_19_93_26,11,0.0009,0.9421,0.0,0.0
genes_74_0_94_48_56_81_25_79_54_5_23_41_0_48_22_7_30_94_26_57_1_89_23_60_96_67_99_79_3_75_40_40_89,11,0.0009,0.9385,0.0,0.0
genes_30_50_25_99_31_37_94_71_85_5_85_7_0_18_18_52_83_41_80_89_35_6_11_21_13_6_41_23_45_100_12_98_67,12,0.0008,0.9167,0.0,0.0
genes_38_92_23_65_60_76_44_97_5_3_1_65_0_8_16_43_24_29_15_48_10_3_25_7_37_9_76_92_25_100_68_30_26,12,0.0008,0.9019,0.0,0.0
genes_71_38_94_10_74_36_47_68_41_73_36_22_0_83_25_64_23_68_74_17_20_32_31_38_47_81_1_30_48_16_30_86_48,12,0.0008,0.8902,0.0,0.0
genes_35_78_34_78_22_82_26_78_63_93_37_69_0_39_27_75_5_84_40_97_15_45_64_78_52_65_62_31_58_54_28_7_71,12,0.0008,0.8802,0.0,0.0
genes_46_1_46_100_76_84_43_98_72_97_52_91_0_36_8_60_87_85_74_60_15_20_31_87_72_20_18_23_26_12_81_82_6,13,0.0008,0.8791,0.0,0.0
genes_63_46_55_2_35_81_37_45_16_83_36_22_0_56_63_34_0_99_16_96_24_74_91_31_0_78_27_59_56_85_9_59_93,13,0.0008,0.8606,0.0,0.0
genes_22_72_25_94_17_7_12_99_99_20_72_67_0_13_59_55_96_55_78_49_90_75_29_44_89_35_3_86_54_78_43_78_7,13,0.0008,0.8402,0.0,0.0
genes_79_72_4_16_40_88_35_78_27_50_78_14_0_27_90_18_28_0_17_66_52_93_43_23_61_99_38_82_45_77_15_100_26,13,0.0007,0.7751,0.0,0.0
genes_50_66_75_72_99_51_37_57_99_88_46_46_0_93_43_25_21_82_25_86_12_90_10_53_10_53_84_52_21_16_82_76_3,14,0.0007,0.7643,0.0,0.0
genes_36_0_94_3_42_11_25_86_96_5_76_5_0_25_22_73_27_92_84_8_10_93_43_23_100_90_41_58_22_75_40_91_25,18,0.0005,0.588,0.0,0.0
