genes_36_61_91_3_82_99_91_76_35_99_4_24_0_44_23_39_56_54_25_64_10_86_53_92_78_91_22_14_70_93_71_66_13,2,0.0051,11.1719,0.0,0.0
genes_54_92_57_57_73_33_47_72_60_80_1_86_0_62_56_59_68_68_7_64_43_5_80_25_24_53_45_30_81_20_92_92_76,3,0.0031,6.8194,0.0,0.0
genes_90_30_68_53_55_78_44_35_9_35_85_10_0_58_15_83_40_20_23_82_87_86_50_12_7_56_11_10_72_2_33_42_81,3,0.003,6.5208,0.0,0.0
genes_48_25_78_53_95_49_68_74_73_75_85_62_0_80_42_68_78_76_77_63_34_86_50_12_7_61_97_63_36_2_14_42_29,3,0.0029,6.3611,0.0,0.0
genes_50_23_31_43_85_35_16_58_53_88_5_53_0_55_59_53_72_27_50_26_66_93_37_69_20_34_13_68_96_3_76_12_82,4,0.0029,6.3594,0.0,0.0
genes_69_11_30_82_3_97_91_100_35_50_16_14_0_72_37_2_9_54_46_52_59_17_1_92_78_91_95_12_76_47_74_46_79,4,0.0028,6.1914,0.0,0.0
genes_35_18_25_3_82_38_45_65_75_99_26_100_0_44_37_30_48_54_75_99_49_86_53_92_78_9_4_98_24_47_50_55_61,4,0.0027,5.8594,0.0,0.0
genes_27_46_84_90_77_97_44_35_2_35_48_10_0_66_71_67_17_51_13_82_87_50_49_62_63_56_12_10_89_44_18_38_32,4,0.0025,5.4648,0.0,0.0
genes_93_61_28_51_6_34_68_98_27_19_79_89_0_32_51_18_22_23_35_59_89_40_17_20_10_32_17_91_80_93_14_79_34,5,0.0023,4.9425,0.0,0.0
genes_26_96_68_48_71_55_59_68_0_20_18_87_0_88_19_65_67_45_70_76_98_40_3_24_23_90_30_55_59_49_37_78_31,5,0.0022,4.905,0.0,0.0
genes_33_46_64_48_67_6_99_67_0_34_62_51_0_55_49_48_91_77_49_74_76_40_10_53_7_92_30_73_59_35_38_78_46,4,0.0022,4.8008,0.0,0.0
genes_18_50_22_5_33_77_100_93_50_99_9_82_0_11_4_31_49_25_24_4_42_16_37_36_16_64_20_89_99_98_41_54_73,4,0.0021,4.6562,0.0,0.0
genes_33_46_36_55_71_30_22_94_23_55_62_70_0_21_5_92_91_83_88_80_57_65_17_45_7_92_57_73_67_35_38_48_69,5,0.0021,4.59,0.0,0.0
genes_50_58_15_45_16_35_7_58_73_12_5_50_0_68_40_70_5_42_24_52_3_16_33_98_48_55_18_46_96_4_26_61_82,5,0.0021,4.5625,0.0,0.0
genes_57_94_96_43_82_31_16_20_53_37_98_1_0_89_85_52_68_94_51_30_77_42_71_49_25_81_55_1_60_3_48_12_23,5,0.0021,4.54,0.0,0.0
genes_94_58_68_48_72_90_0_78_28_65_94_87_0_32_92_35_53_57_99_20_52_40_10_57_100_13_100_55_1_10_6_68_60,5,0.002,4.4625,0.0,0.0
genes_78_76_60_52_28_22_94_42_40_13_42_89_0_70_38_96_21_93_12_98_64_18_76_23_95_93_78_75_68_33_97_41_87,4,0.002,4.4297,0.0,0.0
genes_45_43_79_16_2_95_75_73_26_81_53_78_0_62_56_66_30_68_74_84_48_81_72_18_70_42_34_24_81_53_49_13_82,5,0.002,4.41,0.0,0.0
genes_28_47_11_93_100_59_42_16_30_83_45_12_0_18_10_36_84_89_81_4_5_50_60_81_7_6_87_79_74_18_31_69_86,4,0.002,4.4062,0.0,0.0
genes_97_73_18_100_9_100_97_54_67_29_34_23_0_91_70_98_77_54_46_92_30_82_33_17_21_61_0_94_21_100_86_71_85,5,0.002,4.38,0.0,0.0
genes_84_77_96_96_83_53_58_26_9_73_94_67_0_49_23_37_9_43_29_80_11_50_43_0_56_40_63_53_91_87_38_28_97,5,0.0019,4.245,0.0,0.0
genes_5_38_76_47_95_97_54_56_88_74_75_100_0_38_24_93_71_68_62_97_21_13_62_77_38_64_34_31_23_100_80_99_83,5,0.0019,4.155,0.0,0.0
genes_54_98_38_12_33_17_94_56_42_74_38_29_0_43_58_86_13_68_83_45_54_13_3_77_42_52_63_34_98_0_51_98_73,6,0.0018,3.8785,0.0,0.0
genes_0_23_99_79_23_18_55_49_36_75_45_77_0_0_94_19_57_58_28_71_57_93_55_40_4_90_71_35_46_93_86_8_12,5,0.0017,3.76,0.0,0.0
genes_12_17_12_69_75_74_79_19_68_12_92_65_0_89_30_59_99_66_36_35_13_58_64_42_17_17_73_36_10_64_59_5_49,6,0.0017,3.6979,0.0,0.0
genes_97_70_29_2_37_38_29_27_30_13_32_37_0_64_47_96_2_93_72_13_26_98_68_23_18_93_74_79_48_48_88_1_42,6,0.0017,3.6476,0.0,0.0
genes_39_48_87_62_22_14_85_1_71_28_76_19_0_0_72_19_83_52_80_0_74_36_7_4_43_72_47_13_99_42_79_74_70,6,0.0017,3.6267,0.0,0.0
genes_93_71_81_65_24_92_82_88_78_41_90_65_0_28_34_6_23_71_37_30_15_91_5_40_83_36_52_38_20_27_3_38_94,7,0.0016,3.588,0.0,0.0
genes_30_16_82_90_14_74_43_31_80_62_42_69_0_55_36_46_88_58_7_72_93_20_20_23_69_23_9_48_67_63_58_100_38,6,0.0016,3.5087,0.0,0.0
genes_56_98_76_16_56_90_26_53_26_74_75_38_0_38_22_66_71_68_62_64_9_84_72_80_24_53_0_33_81_76_31_13_80,6,0.0016,3.4566,0.0,0.0
genes_47_71_53_97_24_82_17_88_78_14_89_18_0_95_49_41_33_71_49_30_76_40_5_57_23_92_30_53_41_41_6_75_6,8,0.0016,3.4297,0.0,0.0
genes_52_70_61_1_77_2_73_65_55_62_50_24_0_55_32_7_89_58_49_72_93_20_72_43_84_23_8_49_25_38_58_100_10,7,0.0015,3.3431,0.0,0.0
genes_36_81_63_87_100_1_32_49_65_15_31_14_0_36_66_29_92_14_88_20_76_52_65_32_93_29_15_50_93_96_23_94_61,6,0.0015,3.3108,0.0,0.0
genes_81_43_54_36_52_91_76_35_73_24_4_82_0_9_43_99_17_71_72_90_53_57_17_26_24_91_55_37_26_100_38_55_12,6,0.0015,3.3056,0.0,0.0
genes_43_1_68_100_59_15_95_5_0_35_89_23_0_33_49_44_55_38_50_73_76_76_10_44_58_13_30_55_57_45_11_45_2,7,0.0015,3.2946,0.0,0.0
genes_96_77_96_42_83_6_55_26_9_57_76_15_0_67_77_13_81_86_29_47_4_35_43_0_56_31_23_53_38_21_91_49_75,7,0.0015,3.2334,0.0,0.0
genes_5_98_68_60_67_55_17_56_0_76_89_100_0_88_24_86_71_68_49_74_9_40_82_78_100_52_32_30_60_49_6_98_3,7,0.0015,3.2296,0.0,0.0
genes_28_47_11_92_30_44_70_94_40_83_43_73_0_18_50_38_91_98_85_41_47_50_81_15_7_32_46_56_9_39_38_26_8,7,0.0015,3.1888,0.0,0.0
genes_61_62_84_42_39_4_30_81_25_69_98_28_0_89_6_8_86_63_86_12_77_40_25_68_18_35_10_1_63_50_50_20_87,7,0.0015,3.1798,0.0,0.0
genes_20_58_17_96_29_75_58_64_9_13_21_61_0_71_40_8_80_43_29_23_4_18_43_98_56_55_18_46_38_77_60_49_0,7,0.0014,3.1441,0.0,0.0
genes_7_97_84_35_76_4_80_8_28_41_5_48_0_61_71_67_55_35_13_67_41_14_80_40_10_30_78_4_89_66_18_74_71,8,0.0014,3.126,0.0,0.0
genes_61_5_16_80_90_76_26_73_26_80_53_73_0_32_55_66_78_68_55_54_100_2_95_65_24_11_26_30_5_86_56_13_80,8,0.0014,3.0869,0.0,0.0
genes_5_98_76_97_24_90_8_56_84_44_85_100_0_3_24_86_33_68_63_40_30_91_84_77_23_52_3_0_12_41_3_98_8,7,0.0014,3.0663,0.0,0.0
genes_57_34_97_79_98_23_60_28_75_50_43_77_0_100_19_82_68_58_19_25_41_84_75_82_92_90_71_41_46_52_10_70_14,7,0.0014,3.0293,0.0,0.0
genes_30_70_16_84_72_90_1_33_28_62_96_83_0_32_31_35_89_57_76_20_93_20_73_32_25_23_97_64_0_8_25_68_60,7,0.0014,3.0179,0.0,0.0
genes_47_13_68_48_35_55_17_67_0_65_69_12_0_9_10_75_44_89_49_79_76_37_10_81_24_92_30_59_59_18_4_78_86,7,0.0014,3.0115,0.0,0.0
genes_66_61_91_6_76_81_78_46_34_64_24_58_0_64_19_42_74_69_5_20_54_48_60_51_24_56_94_51_68_2_90_81_60,8,0.0014,3.0098,0.0,0.0
genes_0_48_67_65_1_55_86_58_50_54_45_37_0_0_34_19_28_62_2_1_74_33_8_49_72_54_20_4_6_30_79_74_39,7,0.0014,2.9477,0.0,0.0
genes_52_7_79_9_33_10_92_65_46_17_50_26_0_43_32_88_89_16_80_84_56_84_90_63_12_99_63_32_25_2_11_51_13,7,0.0013,2.9043,0.0,0.0
genes_78_51_83_28_22_33_47_82_18_17_1_81_0_36_37_25_30_46_70_66_39_32_80_44_47_57_19_90_15_39_92_48_51,7,0.0013,2.9031,0.0,0.0
genes_28_47_49_88_58_91_87_67_33_84_4_73_0_13_49_32_53_44_84_10_0_14_93_83_39_75_16_96_23_61_75_24_45,8,0.0013,2.8965,0.0,0.0
genes_77_49_31_95_74_20_40_44_41_31_33_40_0_9_42_38_15_11_1_3_84_72_30_8_73_42_38_45_78_40_93_5_68,7,0.0013,2.8929,0.0,0.0
genes_18_15_49_12_69_77_100_84_20_64_87_81_0_25_4_31_49_79_4_4_60_16_36_22_90_83_84_89_3_96_41_53_69,8,0.0013,2.8799,0.0,0.0
genes_28_45_22_2_30_44_43_16_30_99_43_73_0_18_50_13_84_98_81_89_91_50_65_36_16_72_79_80_20_39_43_26_55,7,0.0013,2.7768,0.0,0.0
genes_56_92_16_40_90_98_21_68_30_79_1_38_0_39_81_66_47_95_7_63_43_84_43_25_24_53_26_30_81_93_39_12_80,8,0.0013,2.7686,0.0,0.0
genes_25_65_21_90_2_48_0_45_30_62_32_35_0_54_23_7_92_17_73_72_93_88_73_38_69_10_8_49_58_38_58_1_38,8,0.0013,2.7568,0.0,0.0
genes_77_26_53_95_39_31_40_81_99_59_33_40_0_89_6_52_68_2_96_15_84_42_68_8_18_42_18_46_16_68_66_5_70,7,0.0012,2.6569,0.0,0.0
genes_28_47_14_42_30_38_55_16_59_83_31_73_0_18_50_13_84_98_81_47_5_35_65_77_7_31_23_90_20_39_91_26_59,7,0.0012,2.6071,0.0,0.0
genes_92_49_70_12_33_77_100_80_56_80_87_92_0_25_64_25_35_19_24_12_42_16_36_69_13_47_14_7_23_86_41_54_21,9,0.0012,2.5995,0.0,0.0
genes_83_77_53_60_28_8_8_74_78_96_52_35_0_92_65_41_33_88_65_39_12_91_96_37_85_28_2_0_38_96_41_38_94,8,0.0012,2.5938,0.0,0.0
genes_13_92_16_16_90_37_43_93_50_99_9_71_0_62_9_13_30_68_75_89_90_37_83_33_24_52_79_80_97_50_54_13_14,9,0.0012,2.588,0.0,0.0
genes_20_18_15_91_82_97_7_64_33_99_18_50_0_68_33_42_30_54_24_52_90_86_53_92_62_52_95_12_61_77_0_43_4,9,0.0012,2.5579,0.0,0.0
genes_36_53_86_55_67_80_87_46_46_29_30_26_0_23_70_86_91_54_29_28_52_10_33_11_9_61_68_89_13_74_74_78_55,9,0.0012,2.5571,0.0,0.0
genes_68_99_60_95_100_11_10_18_0_88_48_33_0_70_84_15_5_70_56_98_97_19_76_26_24_8_100_81_85_41_97_8_8,9,0.0012,2.5224,0.0,0.0
genes_44_87_57_9_95_30_63_55_85_76_43_70_0_48_3_92_56_83_88_65_25_8_85_63_69_1_3_49_60_28_57_59_69,8,0.0011,2.499,0.0,0.0
genes_63_98_76_60_56_78_69_27_88_74_75_34_0_38_36_45_4_34_81_45_58_48_82_28_24_71_94_30_68_76_35_81_43,9,0.0011,2.4745,0.0,0.0
genes_49_49_54_66_60_20_42_18_2_82_81_0_0_9_42_12_27_82_50_3_84_89_4_86_37_8_38_45_85_84_79_26_9,9,0.0011,2.4715,0.0,0.0
genes_28_43_30_47_77_4_20_86_62_65_2_14_0_19_56_93_68_45_39_97_41_7_62_82_63_64_34_4_89_55_60_61_83,9,0.0011,2.4684,0.0,0.0
genes_89_61_89_11_97_42_33_8_8_5_63_87_0_32_25_51_91_39_69_41_100_65_17_16_10_44_0_56_9_93_89_71_8,9,0.0011,2.4498,0.0,0.0
genes_55_23_99_93_32_16_66_28_83_75_69_73_0_100_19_72_67_89_74_4_45_85_77_82_78_93_84_65_46_52_6_84_86,9,0.0011,2.3657,0.0,0.0
genes_96_94_76_96_83_90_58_56_9_43_75_100_0_38_22_8_71_68_29_45_4_13_82_0_38_52_1_53_12_77_34_98_100,10,0.001,2.27,0.0,0.0
genes_11_50_24_22_82_37_71_4_50_60_4_86_0_1_38_4_99_40_76_89_1_37_57_36_16_64_79_100_97_12_91_67_70,9,0.001,2.2569,0.0,0.0
genes_36_81_76_87_17_1_73_4_85_57_2_70_0_21_7_92_100_12_88_89_25_8_17_80_93_29_57_50_12_96_57_48_61,9,0.001,2.2423,0.0,0.0
genes_59_45_33_85_61_45_35_26_69_94_94_57_0_75_11_85_8_37_33_31_88_32_68_66_58_7_54_29_72_20_27_100_37,9,0.001,2.1836,0.0,0.0
genes_3_98_97_63_100_8_32_81_49_59_98_14_0_40_66_52_68_2_36_7_76_42_46_49_18_79_27_0_16_39_50_15_37,10,0.001,2.1731,0.0,0.0
genes_47_26_36_42_36_30_22_55_59_57_3_10_0_21_5_13_56_86_66_47_25_87_9_77_88_1_57_90_64_16_91_48_69,9,0.001,2.1242,0.0,0.0
genes_56_93_16_25_10_91_26_49_31_100_91_82_0_0_94_19_30_66_7_71_36_87_58_25_4_67_26_35_81_93_86_13_34,10,0.001,2.1225,0.0,0.0
genes_47_87_36_55_18_71_22_55_85_12_88_76_0_89_30_92_56_8_88_35_25_32_50_80_17_15_57_49_64_64_59_5_69,11,0.001,2.1059,0.0,0.0
genes_56_41_16_92_32_99_26_73_24_80_45_71_0_4_56_22_32_66_70_64_96_86_7_25_24_54_21_82_11_86_32_29_80,11,0.001,2.1002,0.0,0.0
genes_77_26_2_21_75_86_6_17_68_0_15_87_0_22_93_72_15_66_12_42_84_54_37_8_92_42_17_36_78_40_31_95_70,10,0.0009,2.0688,0.0,0.0
genes_77_100_81_35_75_45_82_8_8_41_85_65_0_27_23_48_23_7_20_6_15_14_80_40_10_71_52_24_20_63_85_79_25,10,0.0009,2.065,0.0,0.0
genes_7_49_69_66_34_20_26_100_5_84_96_91_0_57_42_38_29_18_98_3_84_72_38_1_37_28_97_100_33_81_55_77_61,11,0.0009,2.0537,0.0,0.0
genes_39_87_76_4_22_31_22_55_72_55_3_19_0_0_72_19_83_83_88_18_29_10_32_80_5_1_44_15_64_15_73_44_69,11,0.0009,2.0418,0.0,0.0
genes_24_43_79_3_39_93_75_32_42_65_84_74_0_43_13_48_77_0_74_84_34_21_21_18_70_30_34_24_38_53_45_78_0,11,0.0009,2.0315,0.0,0.0
genes_54_24_76_12_56_90_94_56_46_74_75_100_0_43_24_67_71_14_62_45_54_13_68_60_38_99_63_30_14_2_48_9_73,11,0.0009,1.9602,0.0,0.0
genes_11_7_64_29_77_10_73_75_55_97_50_24_0_26_27_88_89_21_54_30_56_32_90_55_0_16_10_27_27_64_23_75_31,11,0.0009,1.9287,0.0,0.0
genes_92_49_21_19_97_72_22_25_40_63_37_92_0_79_84_23_99_19_90_8_54_24_73_7_12_74_14_53_38_82_19_98_21,12,0.0008,1.8207,0.0,0.0
genes_12_70_16_65_2_86_0_16_36_0_42_87_0_55_88_62_86_58_73_63_87_20_64_38_67_44_17_51_10_38_68_100_38,13,0.0008,1.8177,0.0,0.0
genes_56_97_3_16_75_95_20_73_28_41_5_60_0_27_56_48_55_35_7_64_51_14_80_39_10_53_89_24_56_86_77_74_71,12,0.0008,1.7504,0.0,0.0
genes_33_8_76_10_99_4_11_94_30_5_61_96_0_36_80_23_91_95_69_63_79_65_41_49_89_77_0_78_2_91_89_71_43,13,0.0008,1.7322,0.0,0.0
genes_42_3_89_82_67_71_87_19_22_12_92_65_0_89_30_86_24_27_36_0_13_32_50_71_17_13_97_53_19_64_64_78_55,14,0.0008,1.6999,0.0,0.0
genes_97_66_16_76_62_91_51_19_55_16_70_80_0_90_99_64_12_27_72_37_4_26_28_0_94_41_60_87_17_60_74_63_47,12,0.0008,1.6944,0.0,0.0
genes_18_23_43_45_92_32_86_58_37_63_37_55_0_55_59_53_99_73_43_8_66_13_37_69_10_28_12_53_96_81_78_72_95,14,0.0007,1.6288,0.0,0.0
genes_53_1_5_96_98_23_95_79_92_35_70_88_0_32_13_81_84_38_54_8_41_76_55_30_92_13_77_0_73_55_18_70_8,14,0.0007,1.6234,0.0,0.0
genes_60_36_26_93_37_59_70_14_30_83_69_12_0_18_10_36_84_98_81_3_42_50_65_81_24_72_46_44_74_18_28_88_55,14,0.0007,1.6224,0.0,0.0
genes_94_73_15_89_9_100_28_33_64_47_92_71_0_32_10_35_77_57_36_20_52_0_41_32_95_13_1_70_6_56_25_68_85,13,0.0007,1.6217,0.0,0.0
genes_93_66_82_97_2_74_3_45_78_41_85_80_0_95_31_10_88_71_73_30_93_91_5_38_23_23_2_50_62_43_3_38_34,14,0.0007,1.5835,0.0,0.0
genes_20_58_61_86_26_75_54_28_75_92_21_44_0_26_35_76_19_17_24_15_73_18_33_98_29_55_18_70_30_77_94_79_10,12,0.0007,1.5812,0.0,0.0
genes_5_98_55_60_56_71_82_56_22_12_95_65_0_89_24_81_76_68_49_35_13_32_50_71_38_15_60_30_13_76_59_98_8,14,0.0007,1.4984,0.0,0.0
genes_48_43_79_87_50_93_75_53_68_15_84_73_0_43_40_95_86_40_74_26_75_21_19_18_72_25_33_24_58_53_65_13_6,17,0.0006,1.3867,0.0,0.0
