genes_36_70_51_31_77_22_56_56_84_26_74_5_0_80_31_44_61_87_47_50_53_21_35_82_29_18_17_11_15_73_61_100_60,3,0.0064,203.2417,0.0,0.0
genes_60_37_46_27_96_59_80_11_28_10_83_20_0_94_5_0_60_91_47_11_75_73_43_73_100_70_35_35_95_73_96_74_73,3,0.0061,194.6477,0.0,0.0
genes_96_69_40_35_96_13_84_1_83_10_11_36_0_97_8_49_63_50_46_9_71_90_13_85_5_16_41_82_99_87_98_71_30,3,0.0061,193.605,0.0,0.0
genes_82_26_38_34_93_16_72_8_90_18_65_36_0_26_2_56_28_99_43_11_74_25_27_91_13_69_46_15_79_10_83_73_30,3,0.0061,192.4607,0.0,0.0
genes_67_3_40_38_98_13_82_49_89_10_64_0_0_94_8_49_62_93_43_1_0_73_19_87_30_81_28_82_96_31_91_70_11,3,0.0061,192.2461,0.0,0.0
genes_16_70_38_34_96_76_9_6_92_18_64_10_0_16_35_19_60_45_54_2_71_90_4_86_3_69_16_11_59_12_82_69_0,3,0.006,191.5891,0.0,0.0
genes_77_33_35_27_96_51_72_11_87_74_73_20_0_27_5_0_18_37_36_14_79_90_43_86_28_49_45_85_82_28_90_77_43,3,0.006,191.1678,0.0,0.0
genes_74_14_59_32_97_59_86_80_90_10_90_61_0_23_1_56_58_42_47_36_39_70_35_72_24_61_22_32_100_78_83_42_73,3,0.006,191.1064,0.0,0.0
genes_43_17_71_36_96_10_48_98_90_10_65_9_0_23_24_0_58_42_43_44_54_31_14_75_24_15_67_32_100_74_91_34_43,3,0.006,190.9947,0.0,0.0
genes_96_69_16_26_96_78_84_8_85_29_63_10_0_97_11_55_60_50_43_0_71_26_13_63_5_18_20_79_19_12_82_70_30,3,0.006,190.744,0.0,0.0
genes_72_36_38_37_96_51_72_48_82_19_64_10_0_27_35_24_60_48_51_3_79_90_88_83_92_14_16_85_21_8_82_69_0,3,0.006,190.6979,0.0,0.0
genes_67_68_16_37_96_78_84_56_94_18_76_36_0_86_11_55_63_55_43_72_71_26_13_84_99_42_15_79_84_27_98_71_30,3,0.006,190.6089,0.0,0.0
genes_66_40_71_32_97_18_49_51_89_10_92_87_0_23_2_31_47_47_47_46_54_73_14_75_19_18_20_32_100_73_91_34_73,3,0.006,190.2296,0.0,0.0
genes_100_40_33_28_96_16_61_49_92_23_76_19_0_86_38_49_23_58_43_12_79_95_84_86_92_37_15_11_81_8_94_75_44,3,0.006,190.1754,0.0,0.0
genes_84_84_16_9_79_80_72_12_28_90_34_38_0_33_8_57_47_50_43_85_79_31_35_37_89_69_45_11_100_60_98_70_67,3,0.006,189.7934,0.0,0.0
genes_60_70_70_36_100_59_80_16_87_83_65_20_0_34_5_0_60_55_43_44_71_90_20_75_28_15_35_7_100_74_96_74_43,3,0.006,189.7277,0.0,0.0
genes_86_43_81_71_82_95_74_56_92_17_82_10_0_32_31_1_60_58_45_8_54_89_66_87_97_18_47_7_85_28_91_68_11,3,0.006,189.6537,0.0,0.0
genes_98_41_71_32_82_51_51_13_89_13_92_87_0_92_2_41_25_46_43_50_95_54_14_7_89_69_45_7_100_71_90_34_43,3,0.006,189.5709,0.0,0.0
genes_66_34_42_68_96_59_84_8_86_22_67_20_0_46_11_56_63_49_45_0_57_27_68_74_28_15_57_7_45_30_90_70_77,3,0.006,189.5146,0.0,0.0
genes_82_40_57_27_96_95_68_36_95_23_64_12_0_92_40_30_60_48_65_52_88_73_29_85_5_18_19_88_99_71_95_70_11,3,0.006,189.4853,0.0,0.0
genes_85_33_65_39_97_64_76_95_90_14_38_12_0_26_39_56_13_46_38_14_74_90_80_7_68_15_23_7_94_78_89_97_43,3,0.006,188.7687,0.0,0.0
genes_77_41_35_32_96_51_72_8_82_11_75_5_0_92_35_10_18_85_43_2_79_54_27_21_89_39_19_88_82_71_96_73_25,3,0.0059,188.495,0.0,0.0
genes_83_40_81_30_92_60_73_8_87_15_90_20_0_96_37_47_1_87_43_14_73_91_37_82_5_68_51_48_97_66_73_71_43,3,0.0059,188.4579,0.0,0.0
genes_88_33_31_27_94_59_86_31_87_86_90_20_0_27_19_72_57_50_43_0_86_90_18_82_28_50_48_17_77_29_90_77_25,3,0.0059,188.3523,0.0,0.0
genes_82_43_38_31_92_95_83_36_91_23_64_21_0_72_38_21_60_48_65_1_6_73_43_87_5_18_47_25_64_63_89_69_89,3,0.0059,187.6425,0.0,0.0
genes_88_36_46_29_96_60_62_48_92_97_43_77_0_97_17_99_18_87_43_30_70_24_27_82_5_12_49_19_94_69_91_74_44,3,0.0059,187.6219,0.0,0.0
genes_88_43_38_30_82_95_74_73_91_91_75_7_0_27_31_1_23_48_51_1_79_13_84_87_36_18_45_27_29_9_91_81_11,3,0.0059,187.5288,0.0,0.0
genes_77_36_35_68_82_76_67_56_0_96_96_66_0_94_35_72_63_50_43_11_83_0_18_86_3_39_22_17_35_28_90_75_3,3,0.0059,187.1487,0.0,0.0
genes_60_33_71_31_96_59_72_11_87_74_64_20_0_27_37_0_60_48_43_2_87_90_88_75_3_50_16_7_100_27_90_69_76,3,0.0059,186.9274,0.0,0.0
genes_88_41_54_36_99_80_72_6_12_27_60_10_0_27_38_25_13_49_44_8_69_90_88_16_3_18_23_11_19_28_82_71_0,3,0.0059,186.6683,0.0,0.0
genes_40_70_71_36_100_51_61_8_87_26_98_12_0_33_33_99_47_45_43_44_57_24_29_86_91_69_67_19_64_74_96_68_7,3,0.0059,186.508,0.0,0.0
genes_82_3_46_29_100_16_72_93_92_22_43_20_0_97_2_55_60_49_43_11_70_24_31_42_90_12_42_11_27_8_83_74_30,3,0.0059,186.2799,0.0,0.0
genes_25_70_4_29_93_14_76_73_88_26_64_7_0_26_35_56_18_87_61_11_76_21_35_45_29_70_45_15_97_8_61_70_74,3,0.0059,186.0512,0.0,0.0
genes_60_8_68_64_100_59_80_47_0_71_63_20_0_26_8_24_63_52_43_11_56_31_43_8_37_50_38_13_99_92_91_70_8,3,0.0059,185.868,0.0,0.0
genes_67_35_61_71_98_76_73_60_5_13_33_19_0_32_41_56_71_45_44_0_86_25_84_65_54_18_47_7_85_31_90_71_13,3,0.0058,184.1931,0.0,0.0
genes_100_3_16_31_99_80_72_0_33_17_65_36_0_97_38_96_47_87_43_52_75_26_35_84_96_69_45_96_100_60_96_75_73,3,0.0058,183.9856,0.0,0.0
genes_60_33_69_27_82_59_51_97_90_74_90_87_0_27_5_0_60_33_43_11_91_90_43_7_27_7_45_7_100_76_82_74_43,3,0.0058,183.9417,0.0,0.0
genes_84_64_47_35_99_21_86_8_35_90_98_12_0_22_33_99_47_50_43_24_54_24_38_86_6_12_45_44_99_29_93_74_30,3,0.0058,182.4298,0.0,0.0
genes_82_68_54_37_96_78_92_56_87_79_41_86_0_86_37_33_60_89_43_11_73_66_35_74_99_72_48_61_99_65_91_71_41,3,0.0056,178.4202,0.0,0.0
genes_60_40_57_68_75_51_80_8_90_11_100_20_0_92_60_56_47_64_43_11_71_70_43_91_4_69_19_88_99_71_96_42_5,3,0.0056,177.9955,0.0,0.0
genes_79_28_54_36_91_64_86_52_82_26_38_5_0_26_34_33_20_89_40_83_74_11_80_16_92_14_56_35_96_28_92_73_38,3,0.0056,177.0657,0.0,0.0
genes_63_70_38_36_100_16_77_45_92_87_65_91_0_34_24_17_60_55_51_44_87_27_43_45_9_39_67_31_64_84_91_68_43,3,0.0056,176.9417,0.0,0.0
genes_68_64_47_26_99_14_83_31_35_83_83_9_0_39_19_33_0_55_43_44_71_59_20_45_91_12_44_19_64_32_67_34_41,3,0.0054,171.8505,0.0,0.0
genes_79_76_38_28_51_43_69_6_82_100_64_9_0_28_38_33_60_89_45_0_79_26_84_88_4_69_44_34_99_9_93_69_25,3,0.0054,169.9072,0.0,0.0
genes_60_36_42_29_96_59_86_84_92_21_79_87_0_23_19_5_28_50_43_3_86_27_18_89_4_49_57_7_45_27_91_75_41,3,0.0053,168.3472,0.0,0.0
genes_66_70_38_34_96_51_73_98_82_26_43_84_0_26_38_33_60_54_43_11_79_26_84_86_92_18_44_85_81_33_93_77_29,3,0.0053,166.841,0.0,0.0
genes_60_36_81_36_100_59_55_98_86_19_55_87_0_23_35_7_28_53_54_3_57_84_4_71_34_69_57_7_64_27_91_60_43,3,0.0052,164.0557,0.0,0.0
genes_100_64_68_38_96_58_69_96_87_15_90_20_0_27_17_45_0_50_53_92_83_73_35_16_4_65_43_48_97_71_38_70_38,3,0.0051,161.2736,0.0,0.0
genes_4_40_70_73_79_76_72_0_92_18_66_14_0_86_36_61_71_50_43_62_89_73_88_89_36_65_48_18_10_29_90_70_41,3,0.005,158.9136,0.0,0.0
genes_72_40_35_40_96_80_72_6_94_18_64_10_0_86_30_22_60_48_77_72_99_73_57_74_99_42_16_11_19_24_77_69_48,3,0.005,158.6332,0.0,0.0
genes_60_81_68_68_100_16_49_95_90_97_100_91_0_26_38_52_24_29_51_0_71_27_43_86_4_41_22_13_81_27_91_42_8,3,0.0049,155.0876,0.0,0.0
genes_85_86_68_36_76_40_64_56_93_14_80_75_0_100_17_56_60_87_43_11_95_7_27_45_3_12_45_96_94_73_79_34_36,3,0.0049,154.0852,0.0,0.0
genes_90_40_46_40_94_13_86_56_0_15_96_66_0_8_35_24_63_53_43_11_83_31_4_83_41_19_22_82_85_28_91_70_9,3,0.0047,148.6507,0.0,0.0
genes_67_37_35_36_96_51_60_61_74_18_96_19_0_86_33_49_56_67_43_0_79_90_87_74_4_69_48_88_82_60_31_75_25,3,0.0045,142.3473,0.0,0.0
genes_85_26_46_37_91_99_86_52_90_17_43_7_0_94_87_56_85_44_43_49_95_26_27_86_3_19_38_15_99_29_38_95_30,3,0.0044,138.1211,0.0,0.0
genes_84_37_68_36_96_51_60_59_49_23_81_19_0_82_37_49_43_60_43_0_71_70_84_74_5_37_45_17_82_29_33_75_25,3,0.0042,134.5689,0.0,0.0
genes_66_38_51_74_100_60_85_56_88_22_87_7_0_46_11_89_47_55_56_8_54_70_98_74_37_18_48_32_85_73_38_75_13,3,0.0042,133.0001,0.0,0.0
genes_98_26_50_26_41_23_64_84_90_21_42_7_0_23_19_56_2_44_43_36_86_7_27_12_4_19_35_48_64_63_90_73_40,3,0.0039,122.6602,0.0,0.0
genes_77_68_35_64_82_13_48_50_82_10_75_0_0_89_35_33_18_29_42_2_83_26_4_86_30_39_41_82_82_87_38_77_70,3,0.0038,120.6908,0.0,0.0
genes_85_29_42_28_99_18_72_66_92_97_66_14_0_26_36_63_60_49_41_62_79_93_88_87_92_39_48_36_23_8_82_70_44,3,0.0032,100.5323,0.0,0.0
