Genes,GamesPlayed,RelativeFitness,AbsoluteFitness
genes_18_8_92_57_76_22_50_24_57_57_73_75_43_93_75_85_83_49_3_16_40_23_32_90_11_85_42_46_38_94_30_40_61_64_77_28_26_65_0_63_34_77_29_38_99_26_5_47_96_49_41_80_20_13_7_41_40_15_74_37_32_86_92_78_69_94_56_29_17_37_90_38_78_32_1_30_0_56_54_89_28_35_83_39_14_95_24_18_24_9_100_72_89_80_45_29_53_38_13,1,0.1296,253.2153
genes_21_8_25_55_81_50_79_40_57_33_50_79_67_73_70_0_85_58_79_16_40_16_30_62_11_87_74_42_38_94_26_90_28_64_22_31_18_70_6_80_66_81_2_41_100_26_41_90_91_54_34_74_20_7_14_64_40_6_78_37_84_80_86_78_10_94_59_0_82_32_100_38_81_32_16_29_12_90_86_29_26_12_78_33_14_95_90_17_21_8_82_73_95_93_45_80_53_48_99,1,0.1186,250.9626
genes_14_8_19_57_49_26_6_20_57_33_73_79_72_72_71_85_74_98_81_16_39_54_30_86_11_80_20_23_34_94_27_44_51_63_22_62_48_40_71_65_15_77_34_41_100_26_34_51_68_49_50_74_22_54_13_59_40_74_77_6_93_82_92_74_69_94_54_25_87_21_90_38_81_36_0_10_49_80_61_87_29_16_78_39_14_11_91_15_24_6_99_72_89_97_44_80_53_53_45,1,0.1287,228.8304
genes_14_39_81_57_79_26_61_20_65_33_78_79_43_72_71_85_75_54_8_16_40_20_32_90_11_81_20_23_38_95_27_44_51_61_77_31_48_40_0_68_18_81_37_41_100_24_38_51_96_49_50_74_20_54_5_59_40_15_78_6_93_82_97_78_26_94_77_25_39_21_90_38_79_32_1_10_4_80_61_87_29_35_78_39_10_11_21_15_19_6_100_70_89_80_44_84_53_43_8,1,0.1107,215.5154
genes_14_8_21_57_81_50_67_20_62_39_73_12_67_73_72_0_74_58_79_20_40_23_28_62_11_79_28_42_39_40_27_49_71_64_43_31_47_43_32_67_66_81_36_41_100_26_34_59_90_54_50_74_20_7_46_59_40_6_78_6_97_60_92_76_69_94_54_3_82_41_90_38_86_32_12_55_51_15_86_86_26_12_79_40_14_93_94_15_21_9_78_72_98_88_45_86_53_49_45,1,0.1032,202.5489
genes_14_87_81_57_49_22_50_20_62_55_73_79_43_93_74_85_88_54_3_99_38_23_32_86_11_85_68_23_37_94_30_26_68_68_77_28_26_65_32_63_33_73_34_41_100_25_38_64_96_50_46_76_16_13_7_42_40_15_74_37_97_86_92_76_31_94_55_27_17_37_90_32_78_32_1_35_4_56_57_89_28_35_83_40_14_95_21_18_24_4_100_70_89_80_45_86_53_38_17,1,0.0845,169.0025
genes_6_8_25_57_81_22_6_20_62_55_73_79_43_93_71_85_74_54_81_16_40_21_32_62_11_81_47_43_32_94_27_44_28_64_22_28_49_69_0_65_66_72_13_41_100_21_38_90_91_50_41_76_20_12_51_64_40_3_78_12_89_89_97_78_69_79_58_29_87_23_100_99_74_29_1_10_49_56_58_89_26_35_78_39_14_95_90_18_24_8_100_71_89_97_44_36_53_49_13,1,0.0926,157.779
genes_14_8_25_82_49_50_59_20_18_67_72_79_69_72_74_85_46_49_94_100_27_23_30_89_11_81_79_43_37_97_32_40_66_63_79_75_45_65_7_80_13_29_34_41_68_26_81_92_93_50_75_74_22_54_7_8_40_15_85_40_84_80_54_78_10_94_60_4_82_32_97_38_75_32_16_35_12_85_85_29_29_12_78_33_14_95_88_18_21_9_60_70_92_88_47_80_56_53_99,1,0.0786,155.1049
genes_6_11_21_57_11_22_66_20_80_33_52_77_43_72_73_85_85_49_8_20_40_6_26_90_28_75_21_23_34_98_25_44_28_62_22_31_45_39_32_65_18_32_36_42_100_70_41_59_90_62_50_43_22_2_58_59_39_15_77_36_99_86_94_78_70_94_89_7_17_42_95_38_78_32_16_34_49_80_49_26_31_7_100_40_14_93_91_17_25_6_99_72_89_97_43_17_54_49_49,1,0.0754,137.8021
genes_54_12_29_82_81_26_6_20_64_33_50_78_43_81_73_85_85_64_81_100_40_11_30_64_11_80_21_43_37_93_27_44_28_62_80_31_45_35_7_68_66_32_13_42_70_64_83_90_73_59_87_43_20_54_52_59_40_15_78_12_89_89_95_75_73_79_89_3_17_23_100_33_78_32_6_10_9_80_53_26_31_15_78_39_14_53_91_10_24_5_100_4_97_94_43_80_53_53_12,1,0.0781,130.5408
genes_88_8_25_57_49_50_63_20_57_67_70_79_67_69_74_85_41_49_10_100_27_23_27_89_11_80_18_43_37_97_29_40_66_64_79_60_49_65_7_80_13_77_34_41_100_26_42_90_93_50_50_74_22_54_14_8_40_15_78_40_94_69_54_78_36_94_59_4_82_32_90_38_78_32_16_8_49_85_85_29_28_12_78_33_14_95_90_17_17_9_99_70_95_97_41_77_51_54_99,0,0.0,0.0
genes_14_87_23_57_76_22_61_20_62_57_74_75_43_93_74_85_88_54_69_98_40_21_54_90_11_85_68_23_38_94_30_42_61_64_77_62_26_65_0_63_18_76_34_41_99_21_38_50_96_50_41_76_22_10_5_42_40_15_45_37_97_86_92_78_69_94_56_12_17_21_90_38_78_30_0_30_0_56_62_89_28_35_83_39_14_95_21_18_28_7_100_69_89_95_45_86_54_40_13,0,0.0,0.0
genes_11_8_81_57_76_22_61_20_62_57_73_77_43_93_74_86_88_54_12_98_74_21_32_90_11_81_42_19_38_95_30_37_61_63_77_28_47_69_0_63_18_77_37_41_100_20_38_47_96_50_41_76_20_13_5_41_40_15_65_37_96_86_100_78_67_93_56_29_17_21_40_38_78_32_1_30_67_56_66_89_27_35_83_39_14_95_21_18_24_4_100_70_84_80_45_86_53_43_13,0,0.0,0.0
genes_17_85_23_57_49_22_50_20_62_57_73_73_43_93_75_85_88_49_66_20_10_23_32_90_11_85_68_46_37_94_30_26_66_64_23_62_26_65_32_66_34_73_29_41_99_26_42_64_96_49_46_80_20_12_2_42_40_10_74_37_20_86_46_76_31_94_56_8_17_37_90_32_96_31_1_30_0_56_62_84_28_35_78_40_14_95_21_18_28_9_93_72_94_80_45_86_54_38_13,0,0.0,0.0
genes_14_7_81_57_81_50_93_40_62_57_73_78_43_94_72_0_58_58_8_17_40_21_32_62_11_20_42_42_40_40_26_40_61_66_77_28_49_70_63_67_18_77_2_41_100_24_38_90_91_54_34_40_20_13_5_41_39_15_78_37_80_86_95_74_66_94_55_29_82_21_100_99_81_32_1_28_2_56_87_32_23_12_83_39_14_95_90_17_20_4_82_70_89_80_50_86_52_43_99,0,0.0,0.0
genes_49_7_21_83_84_50_61_40_79_33_72_77_67_72_70_85_85_49_81_20_40_21_30_90_16_79_72_23_39_94_30_49_51_64_76_28_47_31_0_65_15_77_2_41_100_0_34_61_90_54_41_79_20_13_17_41_40_6_77_6_97_88_92_78_66_94_54_29_82_37_97_100_81_36_34_12_46_80_62_30_92_32_78_40_14_93_21_17_28_4_99_72_89_97_43_86_51_53_8,0,0.0,0.0
genes_60_8_25_57_84_50_6_18_57_33_73_77_64_72_74_85_41_49_81_20_40_23_26_61_28_80_74_23_39_94_29_49_66_64_22_61_49_65_7_65_18_77_2_41_100_26_38_59_90_49_50_74_20_54_14_59_40_6_77_6_97_80_90_78_69_94_54_4_17_17_93_38_81_32_19_8_12_84_85_29_25_12_78_33_14_95_90_15_24_9_98_73_89_97_77_80_54_51_45,0,0.0,0.0
genes_17_87_21_57_81_22_93_40_62_33_68_75_43_75_75_85_85_49_3_16_40_16_33_62_11_79_17_42_35_94_30_26_33_64_84_27_26_65_32_66_66_84_2_41_99_26_37_64_99_49_3_80_20_14_7_64_40_77_78_37_81_86_92_76_69_94_56_8_17_37_96_32_75_35_1_28_0_56_62_89_28_12_78_40_16_51_18_17_26_9_82_72_99_88_47_86_58_55_100,0,0.0,0.0
genes_49_7_21_82_47_50_6_40_79_67_72_77_67_69_74_0_85_49_81_20_40_23_30_90_16_79_70_20_39_94_31_49_66_58_81_61_47_43_32_67_72_73_2_41_100_26_34_47_96_49_50_79_22_54_15_59_38_6_77_6_80_88_93_78_32_94_54_0_17_37_97_38_77_32_16_12_52_85_62_30_78_12_78_40_14_6_21_17_24_6_93_68_89_0_16_80_51_49_45,0,0.0,0.0
genes_21_8_21_57_84_50_6_19_57_33_68_79_67_72_74_85_74_49_13_21_27_16_30_88_11_80_74_43_39_94_27_40_66_63_53_61_47_40_32_65_18_72_0_41_100_26_38_90_87_50_50_74_20_54_14_59_40_6_82_6_97_80_90_100_58_94_63_27_82_32_90_38_81_32_16_8_12_85_85_29_28_12_78_33_15_95_90_15_25_9_99_70_95_97_76_80_54_53_45,0,0.0,0.0
genes_19_8_19_61_76_26_61_15_65_33_73_79_69_93_71_85_87_49_8_98_40_23_30_90_11_76_42_23_39_94_30_40_61_63_22_28_48_40_27_68_18_81_34_41_100_61_38_54_96_50_37_74_20_54_6_59_40_41_100_37_93_82_74_74_69_94_59_29_17_21_90_32_78_32_5_10_4_56_58_87_29_35_78_39_14_95_93_15_24_6_100_76_89_80_44_86_51_43_13,0,0.0,0.0
genes_6_12_25_58_76_26_65_22_62_57_52_83_43_81_74_85_85_64_8_98_40_11_68_90_11_71_21_21_38_98_30_90_61_62_79_28_42_40_33_68_18_77_33_41_72_68_38_90_89_59_87_76_20_54_9_41_40_16_72_36_99_45_97_78_70_94_56_4_17_42_90_34_73_32_6_92_7_72_58_85_31_35_85_35_14_11_91_18_26_2_100_74_89_94_45_86_54_43_11,0,0.0,0.0
genes_14_8_25_57_84_26_6_24_56_67_73_77_67_72_74_85_74_49_81_16_40_23_30_61_28_80_40_23_39_94_29_45_66_64_22_61_47_65_32_65_18_77_2_41_100_26_34_59_93_49_50_74_22_54_8_56_40_6_82_6_97_82_92_78_69_94_60_4_17_24_98_38_78_36_16_10_12_85_62_87_28_12_78_33_14_93_91_18_21_9_99_70_89_97_60_80_54_53_99,0,0.0,0.0
genes_6_7_21_82_84_50_93_40_79_67_75_78_46_73_74_0_85_62_5_16_40_16_33_90_16_79_17_43_39_40_26_90_47_59_79_28_10_70_0_67_66_73_2_65_33_26_37_47_91_54_34_79_20_7_51_64_37_6_78_10_80_88_95_78_32_94_55_73_82_37_97_100_78_32_34_28_2_85_88_30_28_15_78_40_14_84_21_17_28_4_82_47_95_88_45_86_51_54_8,0,0.0,0.0
genes_14_8_25_82_76_22_61_22_57_57_73_79_26_93_74_85_88_54_8_98_40_21_68_90_11_81_21_23_38_98_30_90_28_62_82_25_45_40_33_63_18_81_37_41_72_68_38_90_96_59_87_57_20_13_58_41_40_15_72_37_99_86_97_75_69_94_56_29_16_42_55_38_75_32_11_30_4_80_96_89_31_35_99_39_14_11_91_13_24_4_100_84_89_80_45_86_54_40_10,0,0.0,0.0
genes_6_96_21_57_81_26_6_20_60_30_50_78_43_93_72_85_85_58_81_16_40_16_33_62_11_79_11_43_35_94_27_90_28_64_43_31_19_35_10_68_66_32_10_41_70_26_37_90_87_54_50_77_20_7_51_64_7_0_78_37_89_88_95_76_69_97_55_25_82_23_100_99_78_32_7_26_2_15_54_30_26_7_78_40_14_51_90_17_24_9_82_71_95_84_43_80_53_49_97,0,0.0,0.0
genes_6_7_21_57_49_48_50_40_62_33_73_78_43_93_72_85_85_58_79_16_40_16_33_62_11_85_17_42_37_40_26_90_28_64_24_31_23_65_37_66_34_81_34_41_100_26_33_67_91_49_34_74_20_4_51_42_40_6_78_37_97_60_95_76_69_94_55_3_17_37_90_32_78_33_0_28_2_56_86_30_28_7_78_40_14_95_21_18_28_9_82_72_92_88_45_86_53_52_99,0,0.0,0.0
genes_14_8_81_57_76_22_61_20_62_57_73_79_43_93_74_85_88_54_8_98_40_21_33_90_11_81_42_23_38_97_30_40_61_63_77_28_49_69_0_63_18_80_37_39_100_21_38_47_95_50_41_76_20_13_22_41_40_15_100_37_96_86_97_20_67_94_82_29_17_21_90_38_78_32_1_25_4_56_58_34_28_35_83_39_14_95_21_18_24_4_100_70_85_80_45_86_53_43_10,0,0.0,0.0
genes_49_7_25_82_84_50_61_20_79_67_73_48_67_72_70_80_85_56_13_16_27_16_30_90_17_80_70_43_37_94_31_93_66_64_22_61_10_65_7_67_31_77_2_65_33_26_38_90_96_50_50_74_20_54_14_41_40_6_78_37_80_80_93_78_32_38_59_4_82_33_97_100_78_32_16_12_12_85_85_30_28_15_78_35_14_98_87_17_21_0_99_70_95_88_45_86_51_48_8,0,0.0,0.0
genes_14_8_19_57_51_26_6_20_65_33_73_81_67_72_71_85_74_49_81_20_40_23_26_90_33_80_20_23_39_94_27_44_66_61_22_61_48_40_27_65_15_81_34_41_100_88_34_51_90_49_50_74_22_58_6_59_40_6_77_6_96_82_92_78_26_98_54_25_87_21_90_38_81_32_5_10_49_80_61_87_29_16_78_44_11_11_91_48_24_6_99_71_89_54_44_80_54_49_8,0,0.0,0.0
genes_14_12_25_82_9_26_6_22_57_33_52_79_43_72_73_85_85_49_8_16_44_23_30_14_11_80_21_23_34_98_22_44_51_61_80_61_45_40_27_72_18_32_34_44_72_68_83_51_90_59_50_43_20_54_6_59_40_15_75_36_99_82_98_74_26_82_89_3_17_21_90_32_78_32_6_9_7_80_49_26_29_12_99_82_14_11_93_17_24_5_100_72_89_97_44_80_54_49_11,0,0.0,0.0
genes_14_12_25_82_11_3_93_20_18_39_57_79_43_72_73_0_41_64_8_100_40_11_30_89_11_75_21_20_37_93_27_90_28_62_80_57_40_65_33_63_18_29_38_42_72_26_38_90_92_49_38_43_20_54_53_8_40_15_72_2_99_86_98_75_36_94_89_3_17_42_90_33_78_32_6_35_7_77_49_26_29_16_78_35_14_11_90_17_17_5_100_77_92_97_45_79_54_53_11,0,0.0,0.0
genes_14_8_81_57_84_22_61_20_57_67_73_79_51_88_74_85_41_54_13_98_27_13_32_61_11_81_74_23_38_94_30_40_61_64_20_28_49_67_0_81_18_77_34_41_100_24_38_47_96_50_41_76_20_13_14_56_40_6_82_37_97_80_97_78_10_94_56_29_82_32_90_38_78_32_16_8_12_56_55_89_28_35_78_33_14_95_90_18_24_9_100_70_95_88_72_80_53_53_99,0,0.0,0.0
genes_17_9_22_57_84_22_50_20_62_33_50_75_43_93_75_85_88_49_79_16_40_16_33_90_11_85_12_45_35_40_26_26_27_64_43_62_18_70_32_66_66_73_34_41_99_26_38_64_96_49_46_74_20_7_7_42_42_10_78_37_80_60_92_76_31_94_55_3_17_37_90_32_78_32_1_30_2_15_86_30_28_35_78_40_14_51_21_18_21_9_93_73_95_88_45_86_53_52_13,0,0.0,0.0
genes_21_7_21_57_84_50_93_40_62_67_50_79_67_73_74_4_85_56_13_16_38_16_33_62_11_79_17_43_37_40_26_40_66_64_22_32_14_69_7_67_18_77_2_37_100_26_37_90_61_54_34_74_20_54_51_64_40_6_78_37_97_65_90_76_10_92_55_3_82_32_97_95_80_32_1_28_12_15_18_30_26_12_79_40_14_51_90_18_21_9_82_70_95_88_77_86_53_52_99,0,0.0,0.0
genes_49_96_25_82_84_50_34_40_79_33_50_26_46_73_71_85_85_62_8_94_40_21_30_62_11_79_17_43_39_94_29_90_23_64_79_28_10_70_0_68_34_32_2_46_48_26_42_90_91_54_46_76_20_13_51_41_7_6_78_59_87_89_95_78_69_78_84_25_12_23_97_99_80_32_34_12_49_80_85_30_28_15_78_39_14_55_30_17_28_8_82_71_89_88_44_86_51_49_14,0,0.0,0.0
genes_6_7_28_57_81_50_93_40_62_33_50_78_43_73_72_3_85_58_79_16_40_20_33_62_11_79_17_42_35_40_26_90_30_64_43_31_18_70_7_67_61_83_2_41_100_26_37_90_91_54_34_74_20_7_51_67_40_6_78_37_80_60_95_76_69_94_55_3_82_37_100_99_86_32_1_28_2_15_91_30_26_12_79_86_14_51_90_17_21_9_82_73_95_88_45_84_53_53_99,0,0.0,0.0
genes_51_8_25_57_84_50_6_20_57_67_70_77_68_72_74_85_41_49_81_20_27_16_30_90_28_80_68_23_37_94_27_49_61_63_22_61_49_43_32_80_18_79_2_41_100_26_34_90_90_17_50_79_20_54_14_56_40_6_81_37_97_82_93_78_10_94_54_4_17_21_97_38_78_32_16_8_49_73_62_29_25_12_78_40_14_95_93_18_24_6_99_86_89_97_81_80_53_55_99,0,0.0,0.0
genes_6_12_25_82_45_26_66_22_57_33_72_83_47_72_73_0_85_64_8_100_40_18_68_89_12_75_26_21_34_98_27_90_66_59_52_57_45_40_33_68_13_29_33_42_68_26_83_92_92_59_38_74_18_54_12_59_40_15_72_36_97_86_98_78_36_94_89_3_13_21_90_32_78_32_16_35_7_85_48_89_29_12_78_35_14_11_91_17_26_24_100_72_92_94_43_80_54_55_11,0,0.0,0.0
genes_51_7_22_54_84_50_93_36_62_67_72_79_48_71_70_0_85_58_79_98_40_16_33_62_11_79_21_42_39_40_30_85_51_60_43_32_10_70_0_67_66_73_2_65_33_26_42_47_91_54_41_79_20_13_51_64_61_6_78_10_80_60_93_78_70_97_55_3_82_37_97_99_78_32_34_28_2_15_86_30_28_12_78_40_16_6_89_17_21_9_82_70_97_88_45_86_53_53_9,0,0.0,0.0
genes_51_8_25_57_84_50_65_20_79_67_75_79_50_73_76_0_41_56_5_98_27_21_30_90_11_80_70_43_39_94_30_90_51_64_22_28_49_65_7_67_39_73_2_65_33_26_38_63_93_52_41_79_20_13_14_41_40_6_82_10_97_80_93_79_15_38_89_0_82_32_97_38_78_32_36_12_12_85_85_30_28_15_78_33_14_95_90_18_42_9_99_70_95_88_45_80_53_53_8,0,0.0,0.0
genes_6_96_25_95_81_50_6_40_67_33_50_78_43_73_71_85_85_54_81_16_40_16_33_62_11_80_17_43_39_40_26_46_28_64_22_31_19_70_3_67_66_32_5_44_100_26_41_85_91_54_50_74_20_54_51_64_40_3_78_37_80_89_95_71_69_79_55_25_7_36_100_94_86_32_5_28_2_15_86_27_26_8_79_39_14_51_90_17_20_5_60_71_95_88_45_80_53_49_99,0,0.0,0.0
genes_1_7_25_82_13_26_66_22_79_67_72_83_41_81_70_0_85_58_8_100_27_11_68_12_11_75_70_21_39_94_25_90_28_64_80_31_45_40_33_68_18_73_23_65_72_68_38_47_96_59_85_79_20_54_53_41_3_15_72_8_99_88_98_75_70_38_94_0_82_37_97_33_78_32_34_34_7_75_49_30_31_19_78_35_14_11_90_17_28_4_100_4_97_88_48_86_54_53_11,0,0.0,0.0
genes_21_8_22_82_83_50_61_40_79_67_72_79_67_72_39_90_41_56_5_16_27_18_30_49_11_80_70_43_37_94_29_90_51_64_79_28_49_11_7_67_18_77_2_65_100_21_38_90_96_50_50_79_20_13_14_37_40_40_82_37_97_88_93_78_32_94_60_4_82_37_97_100_81_32_16_8_11_85_85_29_28_12_99_33_14_6_21_17_18_4_93_70_95_88_79_86_51_2_99,0,0.0,0.0
genes_17_7_23_82_49_50_50_20_79_67_72_75_76_73_69_0_83_49_5_93_40_21_32_90_16_85_70_43_39_44_26_26_51_64_79_28_10_72_32_67_34_73_2_65_33_26_38_47_96_49_41_79_20_13_15_42_40_10_78_10_84_86_93_68_32_94_60_27_82_37_90_34_34_87_1_30_3_56_85_84_28_15_74_40_14_90_21_17_28_9_93_72_95_88_45_86_51_53_8,0,0.0,0.0
genes_6_96_22_82_81_50_6_20_79_33_72_78_43_73_71_0_74_58_5_98_27_23_33_90_16_79_70_43_37_98_27_41_28_64_22_28_19_70_1_67_34_32_13_62_33_64_83_47_91_54_41_79_20_54_14_60_38_6_78_12_80_89_93_78_71_39_89_21_87_23_97_100_78_32_34_12_11_80_60_30_28_15_74_40_14_51_21_17_28_4_87_70_92_88_45_80_51_53_12,0,0.0,0.0
genes_14_8_19_57_49_3_97_20_66_39_78_79_66_72_74_85_72_49_10_16_40_23_30_89_12_82_20_28_39_0_27_72_51_61_22_57_52_65_3_68_8_81_34_86_100_61_83_90_92_49_50_74_22_5_10_59_40_16_78_6_93_86_92_78_36_82_60_29_90_21_90_27_78_32_5_10_49_80_48_89_29_17_78_35_14_11_93_15_24_6_100_48_90_97_45_80_53_49_8,0,0.0,0.0
genes_17_96_25_57_81_22_6_20_62_33_71_78_43_93_75_85_88_49_81_16_40_23_32_85_11_80_17_43_38_94_30_26_29_64_22_62_26_64_32_66_66_73_34_46_99_26_38_64_96_54_45_80_20_54_51_42_7_10_74_37_89_89_95_71_44_78_56_8_17_23_90_99_78_32_5_10_49_56_62_87_30_35_78_40_14_35_21_18_24_8_82_71_11_80_45_86_53_38_13,0,0.0,0.0
genes_17_87_23_57_49_22_50_20_62_57_73_71_43_93_75_85_88_49_3_20_40_23_32_90_11_85_68_46_37_94_30_26_66_64_22_62_26_65_37_66_35_73_34_41_99_26_42_64_96_49_40_80_17_13_7_46_45_10_74_37_97_86_92_76_31_94_56_8_17_37_94_32_78_37_1_30_0_56_62_89_28_36_78_38_14_95_21_20_28_9_93_72_95_80_45_86_54_38_13,0,0.0,0.0
genes_62_8_25_82_49_26_66_20_65_33_78_83_67_81_73_85_74_51_8_16_40_11_30_12_14_75_21_21_39_94_32_90_28_61_80_31_48_40_33_68_15_81_31_41_72_68_83_90_89_59_87_43_20_54_6_59_40_6_78_6_93_86_96_74_26_94_59_3_17_42_90_32_81_32_1_34_7_80_49_26_36_12_99_39_14_11_94_15_26_6_73_4_97_94_44_80_59_49_8,0,0.0,0.0
genes_49_8_22_82_84_50_6_20_65_33_78_79_65_85_70_0_85_49_2_16_27_21_25_89_16_80_70_18_39_94_30_44_51_61_22_28_48_70_0_67_34_81_2_41_33_26_83_51_96_54_50_74_22_12_14_41_38_6_78_6_80_88_92_74_32_38_59_0_87_37_97_32_78_35_5_8_11_80_61_30_29_15_78_40_14_6_93_15_28_4_98_72_89_88_48_80_51_53_8,0,0.0,0.0
genes_21_8_21_57_81_50_60_20_62_67_70_78_43_72_96_82_19_56_79_16_27_16_30_62_11_80_73_43_37_94_29_40_81_64_22_61_18_70_7_67_23_81_2_41_100_26_37_90_93_54_34_74_20_54_51_64_40_6_33_37_80_80_95_76_14_94_55_4_82_32_100_38_86_32_1_8_2_85_85_30_28_12_78_33_14_51_90_18_21_9_82_70_95_88_77_80_53_53_99,0,0.0,0.0
genes_14_8_25_82_49_27_66_20_57_33_52_79_48_72_74_85_83_64_8_100_40_11_31_12_12_81_18_23_37_100_27_72_66_62_79_31_45_40_33_66_18_29_30_82_74_26_83_90_89_49_38_74_22_5_10_8_40_15_78_40_99_86_98_77_70_91_89_3_15_21_88_36_78_32_6_35_49_84_48_26_33_12_78_35_14_11_91_17_26_9_98_4_97_90_43_74_54_53_11,0,0.0,0.0
genes_11_86_22_82_49_3_93_20_18_57_72_79_43_72_75_0_41_49_3_20_40_28_32_89_11_85_68_26_37_89_30_72_66_64_79_57_31_65_32_66_13_89_34_41_68_25_39_92_96_49_50_80_20_5_10_42_40_15_79_37_97_86_54_78_32_94_56_29_17_37_90_32_77_34_16_35_0_85_67_89_28_35_78_35_14_95_22_18_25_9_99_72_92_80_45_86_54_38_10,0,0.0,0.0
genes_6_8_19_57_81_50_93_40_62_37_78_78_67_73_71_85_74_58_79_16_40_23_33_62_11_80_19_42_39_94_26_90_28_64_22_61_48_40_5_67_66_81_2_41_100_61_83_90_90_49_34_74_20_7_6_64_40_10_78_37_78_60_95_74_69_82_59_3_82_21_90_32_81_32_1_10_2_80_86_87_29_12_81_39_14_11_93_17_24_6_28_72_89_88_45_86_53_0_8,0,0.0,0.0
genes_17_87_25_87_48_22_50_18_62_57_73_75_87_93_73_85_85_64_3_100_40_11_32_12_11_75_21_46_34_98_65_90_28_64_22_31_26_40_30_66_34_73_34_42_72_68_38_64_89_49_87_80_20_54_9_59_40_10_74_81_99_86_92_76_70_94_56_3_95_42_90_33_78_32_1_28_7_56_62_85_31_12_78_35_14_95_21_18_28_7_100_72_95_94_93_80_54_53_13,0,0.0,0.0
genes_14_8_81_58_76_26_61_20_62_11_73_79_43_95_74_80_88_12_8_98_40_21_32_91_11_83_42_23_38_97_30_40_61_63_77_28_49_69_0_87_18_77_37_45_100_22_38_52_96_50_41_76_20_13_5_41_40_15_100_37_96_86_97_77_69_94_56_24_17_21_90_38_78_32_1_30_4_56_58_89_28_36_83_39_14_95_21_18_24_4_100_70_46_80_2_86_53_43_13,0,0.0,0.0
genes_6_96_25_82_11_26_6_20_57_33_50_83_39_81_73_85_85_54_81_100_40_23_30_12_11_75_21_21_34_98_27_90_28_62_22_31_10_40_7_68_66_32_33_42_72_64_38_94_91_54_89_45_20_49_52_59_40_3_72_12_99_86_98_71_70_94_89_25_17_39_90_99_81_32_5_34_49_58_62_26_26_15_99_37_14_51_90_15_24_8_100_71_89_94_43_80_54_53_12,0,0.0,0.0
genes_49_8_22_82_49_3_61_40_84_67_72_79_46_73_71_0_85_49_10_98_27_21_33_89_12_81_18_23_39_94_27_90_66_63_79_28_11_65_0_66_13_73_2_82_33_26_83_92_96_54_41_81_20_5_10_41_40_6_76_40_97_88_93_82_32_94_63_0_15_21_90_32_78_28_16_35_49_85_48_30_29_12_78_40_14_6_90_17_17_4_93_68_92_97_45_87_51_53_8,0,0.0,0.0
genes_18_8_21_57_84_26_61_20_57_67_70_77_67_72_74_85_41_56_81_100_40_16_30_61_8_80_68_43_39_94_29_49_66_64_22_61_47_65_32_80_18_77_36_37_100_26_38_59_90_49_50_74_22_54_8_59_40_6_77_6_97_80_92_78_69_94_59_29_82_32_98_39_78_32_16_5_10_85_80_24_28_12_78_40_14_93_91_18_24_6_99_70_89_88_44_80_53_53_45,0,0.0,0.0
genes_6_7_21_57_81_50_97_39_62_33_50_78_43_73_72_0_85_58_79_11_40_16_33_62_11_79_17_42_36_40_26_90_28_64_43_31_23_70_7_67_66_81_2_41_100_26_37_90_91_54_34_74_20_7_51_64_40_6_78_37_80_57_95_76_69_94_55_3_82_37_5_99_86_37_1_28_2_15_86_30_26_12_79_40_14_51_90_17_21_9_82_73_95_88_45_64_53_52_99,0,0.0,0.0
genes_6_8_25_57_76_23_6_20_64_57_50_79_43_93_71_85_87_50_81_98_40_23_30_90_11_81_42_46_67_97_27_40_28_64_73_31_19_69_0_68_66_32_37_41_68_64_42_47_96_50_50_74_19_13_5_41_7_15_78_37_89_86_62_78_69_79_56_25_17_21_100_88_78_32_1_10_49_80_62_89_26_12_78_39_14_95_90_15_24_13_100_70_89_97_47_80_53_43_12,0,0.0,0.0
genes_6_8_19_57_81_53_93_40_65_33_50_75_43_73_71_0_85_58_82_12_40_23_30_63_11_80_17_42_35_95_26_44_51_64_26_31_18_40_27_68_15_61_2_41_100_61_37_49_91_49_54_77_21_54_10_59_40_6_80_6_80_60_95_80_69_82_59_25_87_37_100_99_81_30_1_28_2_77_61_30_76_12_82_40_14_54_93_15_24_9_82_72_100_97_44_80_53_52_100,0,0.0,0.0
genes_6_96_25_57_81_26_7_20_64_33_50_78_43_93_71_85_74_53_81_16_40_23_30_62_11_80_17_43_37_94_27_44_28_37_22_33_19_38_7_68_64_32_13_46_70_64_86_90_91_54_48_76_20_54_51_59_7_3_78_12_89_89_95_71_69_79_55_29_87_59_100_99_83_32_5_10_49_80_62_89_26_12_78_39_14_51_92_13_24_8_82_71_89_97_44_80_53_49_12,0,0.0,0.0
genes_14_8_20_57_49_25_6_20_57_33_73_77_67_72_74_80_69_19_81_20_40_23_30_90_28_80_68_23_39_94_27_49_66_63_22_60_47_41_32_65_18_74_36_41_100_28_34_59_90_49_52_79_22_54_8_59_40_6_77_6_97_82_92_78_69_94_54_29_17_21_90_38_81_34_16_10_49_80_58_87_28_12_78_40_10_93_90_15_24_6_99_72_89_97_44_83_54_49_45,0,0.0,0.0
genes_6_12_27_82_11_3_71_22_54_60_72_79_46_81_73_0_41_64_5_100_40_11_30_12_15_73_18_23_37_98_27_90_28_62_79_57_45_40_3_66_13_32_33_82_72_26_88_92_89_49_39_75_20_54_49_59_40_15_72_36_99_86_98_78_70_94_89_67_15_21_90_33_78_32_12_35_7_85_49_89_29_12_78_33_14_95_91_17_26_9_100_72_92_94_43_77_51_54_10,0,0.0,0.0
genes_6_7_21_57_81_50_93_20_57_33_50_74_43_73_72_3_74_58_79_16_40_23_33_90_11_80_17_43_35_99_27_90_28_61_84_61_18_43_7_65_66_81_2_31_98_26_38_90_91_49_50_79_22_54_51_64_40_6_77_37_80_82_99_76_69_94_54_3_17_37_90_38_86_32_1_10_2_15_59_30_28_12_79_44_14_93_90_15_21_4_99_72_89_88_45_86_54_49_45,0,0.0,0.0
genes_49_7_22_37_84_50_61_45_79_71_74_79_46_73_70_0_85_58_6_98_27_24_33_90_16_79_70_43_39_94_30_90_49_64_79_28_10_70_0_67_34_73_7_65_33_26_42_47_96_54_41_79_20_13_14_41_38_6_78_10_80_88_93_78_32_38_89_0_82_37_97_100_78_32_34_12_11_85_85_30_28_15_78_40_14_6_21_15_28_4_93_68_95_88_45_86_51_53_8,0,0.0,0.0
genes_49_7_23_82_49_22_50_20_79_67_73_75_48_93_77_85_88_58_5_21_40_21_32_86_16_85_70_43_37_94_30_90_50_64_22_62_10_70_32_66_33_73_34_67_99_22_38_47_96_49_41_80_20_15_7_41_40_4_74_37_97_86_92_78_32_38_56_8_17_38_90_32_78_36_1_12_0_56_62_89_28_15_78_40_14_6_21_18_28_9_93_70_95_90_45_86_51_53_13,0,0.0,0.0
genes_49_7_21_57_84_50_66_40_62_33_72_79_46_73_70_0_81_58_5_98_40_16_33_61_11_79_70_55_39_94_26_88_51_64_79_28_10_70_7_67_34_78_2_65_0_26_37_90_94_54_34_79_22_7_50_64_35_6_78_37_80_63_95_78_32_94_1_0_82_82_100_99_78_32_1_28_2_85_85_27_28_15_78_40_14_38_90_17_28_9_93_67_95_88_45_86_53_52_8,0,0.0,0.0
genes_14_87_23_57_49_22_50_20_62_33_78_77_45_72_74_85_73_49_3_20_40_23_30_86_11_80_68_46_39_94_30_26_71_63_22_61_26_55_27_63_34_73_34_41_100_26_38_64_90_49_44_80_20_54_8_59_40_10_74_8_97_82_92_78_69_94_50_8_17_21_90_32_78_32_16_32_0_56_62_89_28_35_78_40_14_95_91_15_29_9_94_72_84_80_44_86_54_49_8,0,0.0,0.0
genes_17_7_23_57_81_50_50_40_62_57_50_78_43_73_75_0_90_49_79_16_40_23_33_26_11_85_17_42_37_40_26_90_28_64_22_62_18_98_7_67_37_81_2_41_99_26_37_90_91_54_46_74_20_14_51_42_40_10_78_37_97_86_92_76_26_94_56_8_82_37_90_99_86_32_1_30_2_56_58_30_28_35_78_40_14_95_90_17_21_9_93_72_92_80_45_86_54_38_99,0,0.0,0.0
genes_14_87_22_56_49_20_61_20_66_57_73_79_43_92_74_89_88_49_5_20_40_23_32_90_11_85_68_23_37_97_34_40_66_64_22_62_49_69_32_66_34_73_34_41_99_26_38_47_96_50_46_80_20_13_5_44_40_10_100_37_97_86_92_76_31_94_56_8_17_21_90_38_78_32_1_30_4_56_58_89_31_35_83_39_14_95_21_18_24_7_93_69_95_80_45_86_54_38_13,0,0.0,0.0
genes_49_7_16_82_81_50_61_40_79_67_50_78_43_73_72_0_88_58_79_98_38_21_33_62_16_79_70_42_39_94_30_94_28_64_81_28_18_70_7_67_34_81_2_65_33_97_37_47_90_54_41_74_20_13_51_64_38_6_52_37_80_88_93_78_32_38_55_0_82_37_97_100_78_32_1_28_2_85_85_30_26_12_79_40_14_51_19_17_21_9_82_73_91_88_45_86_57_53_8,0,0.0,0.0
genes_14_8_21_57_81_26_6_20_62_33_50_78_63_74_74_24_85_49_79_16_40_17_33_62_11_80_68_42_39_94_27_90_28_64_22_35_18_70_32_67_19_81_36_41_100_26_39_90_90_49_50_74_22_58_13_59_40_9_78_6_80_61_92_78_70_94_55_29_12_37_90_38_81_29_1_28_2_15_62_87_26_7_79_40_14_93_91_15_21_9_99_76_89_88_44_80_53_49_98,0,0.0,0.0
genes_17_8_23_57_49_26_9_25_62_57_73_77_67_93_74_85_74_49_81_20_40_23_30_90_28_80_71_23_37_94_27_26_66_64_22_61_47_43_32_66_31_77_36_41_100_26_38_59_90_49_56_79_22_54_7_59_44_10_79_6_97_82_92_81_32_94_54_8_12_35_90_32_81_32_16_10_47_80_62_87_28_35_78_40_14_95_17_18_33_6_93_72_95_97_45_86_54_49_45,0,0.0,0.0
genes_6_40_25_57_81_50_88_40_62_33_50_78_43_93_72_0_88_61_79_16_40_16_33_62_11_80_17_42_35_94_26_38_28_64_22_31_19_35_7_67_66_81_7_41_100_26_37_90_86_54_34_76_20_54_51_64_40_6_78_37_80_58_95_71_69_94_53_30_87_37_100_99_78_29_5_10_2_80_86_30_26_12_78_39_14_77_90_17_21_6_82_67_89_88_45_86_53_49_99,0,0.0,0.0
genes_12_87_81_90_49_22_61_20_62_57_73_75_43_93_75_85_88_56_3_20_40_23_32_90_11_77_42_23_38_97_30_35_61_64_77_62_49_69_0_63_18_77_34_41_100_21_38_64_96_51_41_80_20_13_5_41_40_10_74_37_96_86_97_76_31_94_56_29_17_21_90_42_78_32_1_30_4_61_58_89_28_35_83_40_14_95_21_18_24_9_93_72_89_80_45_86_55_43_13,0,0.0,0.0
genes_10_8_18_57_81_22_9_40_62_33_50_77_43_93_72_0_85_54_8_98_40_16_46_62_11_79_17_38_33_27_30_40_28_63_43_28_49_69_0_67_66_77_37_41_100_26_37_90_97_54_34_76_20_13_5_41_40_15_79_37_80_86_97_76_69_94_51_34_82_21_100_99_81_32_1_79_2_56_58_30_26_35_79_39_10_51_21_13_24_9_82_70_95_88_45_5_51_52_99,0,0.0,0.0
genes_22_96_25_57_81_50_59_20_64_33_50_78_67_93_74_89_74_56_13_16_40_16_30_62_10_89_17_43_37_94_29_40_28_64_20_31_47_70_7_80_66_77_13_41_100_26_38_90_93_54_50_74_20_55_51_56_40_6_82_37_93_89_95_76_69_94_55_25_82_29_100_39_78_32_16_8_49_85_85_87_28_12_78_39_14_51_90_15_19_8_97_70_95_97_77_80_53_49_99,0,0.0,0.0
genes_14_8_21_57_76_23_61_20_62_33_70_77_43_93_74_85_88_49_8_98_40_23_30_90_11_78_68_23_39_97_27_40_66_63_75_28_47_69_32_63_18_77_37_41_100_21_38_47_90_53_41_76_22_54_5_44_40_6_77_41_97_86_92_78_69_94_54_29_17_26_90_38_78_32_1_10_49_56_62_89_28_35_83_40_14_95_91_15_24_6_100_72_91_97_44_84_54_49_67,0,0.0,0.0
genes_21_8_25_1_84_26_6_20_57_33_72_77_67_72_74_85_74_49_81_16_40_23_30_95_11_82_68_23_37_94_27_40_48_63_22_60_49_43_3_65_15_82_36_41_100_26_34_90_93_49_50_79_22_54_8_59_40_6_3_37_97_80_90_78_69_94_54_29_82_32_100_38_78_32_16_10_12_85_62_87_28_12_78_33_14_95_90_20_24_9_99_72_95_97_77_80_54_53_99,0,0.0,0.0
genes_49_3_22_57_84_26_60_20_60_67_73_77_64_72_70_0_85_49_81_98_27_21_33_90_16_80_70_43_39_94_30_47_51_63_22_61_47_43_0_67_39_73_2_41_33_27_34_59_90_54_50_79_22_13_12_59_38_6_78_6_80_82_92_78_32_94_89_0_82_21_90_38_81_32_34_10_11_85_85_87_28_15_78_40_14_6_21_17_28_4_93_72_92_88_45_80_54_53_45,0,0.0,0.0
genes_6_39_21_57_49_50_50_20_62_30_50_75_43_75_75_85_85_49_3_16_99_23_33_84_11_79_17_42_37_40_30_26_66_64_43_62_18_70_7_66_31_81_2_41_99_26_38_90_94_54_34_74_20_13_51_64_40_6_74_37_85_92_92_76_31_94_56_8_17_37_100_29_86_32_1_28_0_15_86_30_26_12_79_40_14_51_66_17_21_9_82_73_95_80_45_86_53_47_99,0,0.0,0.0
genes_17_87_68_82_49_22_66_22_62_57_52_83_43_93_73_85_85_64_3_100_40_23_68_95_11_85_68_21_37_94_30_26_66_62_22_31_45_65_37_68_19_73_33_41_72_26_38_64_96_59_87_80_20_13_53_59_40_10_72_36_97_86_98_76_75_94_56_3_17_42_90_32_78_32_1_30_0_80_45_9_28_35_100_35_14_11_95_18_28_9_93_72_95_94_45_80_54_38_11,0,0.0,0.0
genes_17_8_23_57_49_3_50_20_62_39_73_72_48_96_79_85_88_49_3_100_40_23_32_90_11_81_68_23_37_94_32_26_66_64_79_57_28_63_35_66_34_25_34_82_99_26_38_92_92_49_46_74_22_13_10_8_40_10_45_40_97_86_92_78_36_94_60_8_15_37_90_32_78_32_16_37_52_85_62_85_29_12_78_35_14_95_37_17_17_9_99_74_91_97_45_86_54_38_10,0,0.0,0.0
genes_44_7_23_82_49_22_46_40_62_57_73_79_46_93_75_0_88_63_3_98_40_21_33_90_16_84_68_46_39_94_31_26_66_64_79_62_9_69_0_67_34_73_2_66_99_26_59_47_96_44_41_79_20_13_7_42_38_6_78_37_97_88_93_76_32_94_89_8_82_37_97_100_81_32_1_30_0_85_62_30_28_35_78_38_14_95_21_18_28_9_93_72_95_80_45_86_51_38_8,0,0.0,0.0
genes_21_8_19_57_49_26_5_20_57_67_73_79_67_72_74_85_41_49_81_47_40_16_30_61_11_85_74_39_37_94_27_44_66_61_22_61_49_40_7_68_46_65_2_41_100_61_83_51_94_48_50_74_20_54_14_56_40_6_82_6_89_82_90_78_10_94_59_28_82_32_97_32_78_32_5_83_12_85_61_84_29_10_78_33_14_11_50_18_24_6_99_72_95_88_77_80_53_53_8,0,0.0,0.0
genes_14_8_21_57_76_26_61_20_62_33_73_77_43_72_74_85_88_54_82_98_40_23_32_85_28_81_68_23_39_94_27_53_61_63_22_61_49_43_32_65_11_77_37_41_100_21_38_47_88_49_50_79_25_13_8_59_40_11_77_41_97_86_97_78_69_94_56_32_17_21_90_38_81_32_16_26_49_56_62_89_28_35_83_40_14_95_21_18_24_4_99_72_89_80_48_83_54_49_13,0,0.0,0.0
genes_17_87_25_57_49_22_50_20_64_33_73_75_43_93_71_51_74_52_6_16_43_23_30_62_11_85_17_45_37_94_30_30_28_61_20_62_19_35_32_68_66_73_13_41_70_64_38_91_96_49_46_80_20_54_7_42_7_10_78_37_89_89_95_71_71_94_55_25_17_23_37_29_78_32_5_10_49_56_62_89_28_35_78_40_14_2_90_15_28_8_95_64_89_97_44_86_54_49_13,0,0.0,0.0
genes_49_7_22_82_84_50_61_40_79_67_72_79_46_73_70_0_85_58_5_98_27_25_33_90_16_79_69_43_39_94_32_90_51_64_79_28_5_65_0_67_34_73_2_65_33_26_42_47_96_54_41_79_20_13_14_41_38_6_78_10_80_88_93_78_32_38_89_0_82_37_97_100_78_32_34_12_11_82_85_43_28_15_78_40_14_6_21_17_28_4_93_70_95_88_45_86_51_53_8,0,0.0,0.0
genes_17_87_25_82_49_22_93_20_55_39_73_75_48_93_72_0_88_49_10_100_40_23_30_90_12_85_68_46_37_94_27_72_66_64_17_62_26_65_32_66_34_73_34_41_98_31_38_92_100_49_46_74_22_5_7_8_40_15_73_40_97_86_54_76_36_94_61_8_17_33_90_32_78_32_16_35_49_56_59_89_28_35_78_15_14_95_23_17_17_9_99_72_92_80_45_86_54_54_16,0,0.0,0.0
genes_49_19_81_34_84_50_64_20_79_57_73_79_46_73_74_0_88_58_8_98_40_21_32_34_11_79_70_46_38_94_28_40_51_63_77_28_49_69_0_60_18_73_2_65_31_21_42_47_96_50_41_79_20_13_14_41_40_15_100_10_80_86_97_78_70_38_56_29_17_37_97_100_74_32_4_12_11_56_85_30_28_15_82_43_14_95_21_18_24_4_93_70_89_80_49_86_53_53_8,0,0.0,0.0
genes_21_12_25_57_48_26_50_22_62_33_73_83_43_82_73_89_86_49_8_100_40_25_37_90_11_75_68_46_7_94_30_90_25_65_22_62_26_39_32_68_19_32_34_42_99_26_38_8_89_59_46_43_20_12_7_59_40_15_72_36_99_86_88_76_70_94_56_10_17_37_90_32_78_32_1_30_0_80_49_89_28_12_99_35_14_11_21_18_28_5_100_72_95_94_43_86_54_38_11,0,0.0,0.0
genes_14_8_21_57_84_55_6_20_57_67_73_77_67_72_100_85_74_49_13_20_40_16_30_57_28_80_74_43_37_94_27_49_66_63_22_61_44_69_7_65_15_77_5_41_100_26_34_90_93_50_50_74_20_54_8_59_45_6_77_37_97_80_92_78_69_94_59_4_17_21_97_38_81_32_16_7_12_80_85_87_28_12_78_33_14_93_92_15_21_9_99_70_89_88_77_80_54_53_99,0,0.0,0.0
genes_21_8_21_57_81_50_93_40_57_33_70_79_43_73_74_85_41_58_77_16_40_13_33_62_11_79_17_42_37_40_30_90_66_64_22_31_49_65_7_80_66_77_2_41_100_28_38_90_91_50_50_74_20_7_51_64_40_6_78_37_97_80_94_76_69_94_59_4_82_37_100_38_86_32_1_8_0_85_86_30_26_12_78_40_14_95_87_18_21_9_82_73_95_27_77_80_53_52_99,0,0.0,0.0
genes_49_7_22_82_80_50_61_40_79_69_72_77_46_73_70_0_85_58_5_100_27_21_33_90_16_64_70_43_39_94_25_90_51_64_79_28_10_70_0_67_34_73_2_65_33_26_42_47_96_54_41_79_20_12_30_41_38_6_78_10_80_88_93_78_37_38_89_0_82_37_97_100_78_32_34_12_11_85_85_30_28_15_78_40_14_6_21_14_28_9_93_70_100_88_43_86_51_53_27,0,0.0,0.0
genes_49_87_25_82_84_50_93_20_18_67_72_79_45_54_74_0_41_49_10_98_24_21_30_90_16_81_18_43_37_94_27_72_51_63_79_57_10_70_0_66_13_73_34_82_70_26_83_47_96_54_41_79_22_5_14_8_38_6_78_10_80_88_54_78_32_38_89_29_15_21_90_32_78_32_34_12_11_85_50_89_28_15_78_35_14_6_90_17_17_9_93_72_95_97_45_72_54_53_10,0,0.0,0.0
genes_14_8_85_57_76_26_61_20_62_33_73_79_67_72_74_85_85_49_8_98_40_23_32_90_30_81_42_23_38_94_30_49_61_63_22_28_47_69_0_65_18_77_37_41_100_21_38_59_96_49_41_76_22_51_5_59_40_15_100_6_96_86_97_78_69_94_56_29_17_21_90_38_81_32_16_30_49_56_58_89_28_35_83_39_14_93_91_15_24_4_100_72_89_97_46_80_55_49_10,0,0.0,0.0
genes_14_8_81_82_76_22_61_20_57_39_73_79_48_93_74_0_88_49_8_100_40_23_32_89_11_81_18_14_37_97_27_40_66_63_77_23_45_68_0_63_13_29_34_82_35_26_34_92_92_49_42_74_22_5_5_41_40_15_78_37_96_88_54_78_69_94_60_30_15_21_91_38_78_32_1_30_4_56_47_89_28_16_83_39_14_95_90_18_17_4_99_70_89_100_45_81_54_43_13,0,0.0,0.0
