genes_20_3_37_88_3_56_71_26_41_15_86_73_58_79_98_57_29_53_69_93_4_55_22_35_4_50_10_32_90_90_0_78_24,3,0.0067,5.8125,0.0,0.0
genes_19_55_73_84_45_64_5_42_96_44_92_25_65_47_94_8_2_54_21_35_1_64_46_100_37_58_78_93_53_36_51_10_78,4,0.006,5.1484,0.0,0.0
genes_15_45_53_83_86_0_55_34_72_66_92_48_53_16_82_73_37_98_53_23_46_51_100_1_32_37_38_9_21_1_40_5_7,5,0.0059,5.0725,0.0,0.0
genes_14_25_38_39_38_51_100_44_2_17_37_60_65_80_79_40_79_55_97_8_1_18_61_16_49_35_28_29_66_23_53_95_86,6,0.0057,4.908,0.0,0.0
genes_81_60_18_13_84_22_47_23_69_82_19_21_95_75_83_62_93_46_76_93_25_19_96_49_84_26_56_65_72_75_80_29_66,5,0.0054,4.6625,0.0,0.0
genes_6_52_85_30_7_6_71_64_70_63_99_64_4_39_10_79_43_14_49_38_38_48_4_93_28_83_40_8_52_53_83_85_37,5,0.0051,4.4125,0.0,0.0
genes_22_77_69_59_23_61_71_58_72_25_91_30_55_65_85_58_63_81_9_9_50_97_17_92_33_43_98_11_16_74_93_76_89,6,0.005,4.349,0.0,0.0
genes_38_29_16_37_83_86_10_56_90_42_45_5_18_13_32_44_97_17_96_29_64_62_84_18_44_11_67_55_2_4_52_60_48,6,0.0044,3.8403,0.0,0.0
genes_95_18_51_20_38_4_77_43_43_69_11_4_64_86_53_29_83_50_86_52_18_71_59_40_50_86_66_10_78_7_33_92_60,7,0.0043,3.7041,0.0,0.0
genes_85_2_12_5_31_58_46_50_85_23_44_21_4_77_90_35_1_34_46_95_92_25_86_16_97_47_36_22_60_4_19_58_74,6,0.0042,3.6701,0.0,0.0
genes_63_72_12_22_43_13_95_15_88_22_35_98_18_73_19_42_64_22_94_72_69_97_45_27_59_31_4_21_12_65_90_7_65,4,0.0042,3.5898,0.0,0.0
genes_39_7_24_53_56_86_41_15_88_73_28_66_76_88_26_11_46_13_8_21_100_88_88_55_30_16_66_65_71_19_71_44_39,7,0.004,3.4579,0.0,0.0
genes_68_83_53_56_87_60_52_98_34_54_72_92_35_91_34_95_7_4_99_25_0_7_94_14_51_79_6_1_47_77_8_48_72,7,0.004,3.4401,0.0,0.0
genes_50_39_30_9_3_39_17_62_84_13_38_62_68_70_54_48_14_16_80_48_28_30_9_86_87_24_32_66_19_82_8_7_80,7,0.0038,3.2423,0.0,0.0
genes_85_99_82_0_97_39_73_76_1_6_7_84_16_41_67_94_100_70_99_72_23_22_23_10_8_31_61_6_39_6_88_97_29,7,0.0037,3.2245,0.0,0.0
genes_73_4_23_83_96_95_93_98_6_3_54_55_26_46_99_98_5_36_59_49_95_90_93_35_90_28_85_50_58_90_55_19_7,8,0.0036,3.1455,0.0,0.0
genes_0_13_33_100_23_82_29_71_21_53_10_37_93_59_21_91_65_51_84_56_48_30_50_18_71_51_47_31_1_85_50_10_26,6,0.0036,3.1042,0.0,0.0
genes_22_66_93_37_18_5_7_71_73_85_40_81_2_61_17_95_20_86_3_59_88_77_95_46_23_57_78_3_80_71_44_24_22,8,0.0033,2.8623,0.0,0.0
genes_82_78_22_60_83_57_54_72_75_65_44_6_66_38_16_59_66_3_17_33_96_2_94_96_84_35_65_68_27_4_28_9_81,7,0.0033,2.8622,0.0,0.0
genes_28_70_62_76_48_33_57_86_53_66_33_1_26_23_89_89_58_84_60_28_76_25_36_13_20_23_10_6_82_16_21_88_18,8,0.0031,2.6377,0.0,0.0
genes_62_75_55_42_29_34_38_93_26_65_40_57_14_4_87_26_23_86_31_97_54_50_100_29_61_23_97_35_14_27_34_71_40,7,0.003,2.6327,0.0,0.0
genes_53_83_43_89_56_81_100_93_18_69_74_1_39_98_12_21_71_58_30_99_4_65_82_48_4_78_19_66_42_49_32_51_13,10,0.003,2.59,0.0,0.0
genes_1_41_75_65_58_66_75_63_2_58_36_45_87_69_41_34_46_41_70_38_11_63_18_99_75_55_59_78_93_71_81_21_81,9,0.0029,2.5424,0.0,0.0
genes_34_8_13_13_44_72_77_3_50_91_40_93_27_91_38_13_67_87_14_10_65_1_28_11_16_37_81_13_84_68_63_75_93,8,0.0029,2.4893,0.0,0.0
genes_72_34_13_99_60_22_13_92_41_34_19_35_99_95_39_17_8_73_86_59_36_70_81_0_79_18_27_44_37_16_20_12_3,8,0.0029,2.4893,0.0,0.0
genes_16_11_62_46_12_66_71_89_91_99_36_76_17_58_0_7_100_68_66_32_1_6_99_44_32_58_20_2_83_72_25_60_57,7,0.0028,2.4528,0.0,0.0
genes_38_71_81_59_0_51_8_93_43_45_43_21_37_54_38_3_48_48_92_58_81_2_98_95_61_71_38_90_59_17_41_58_48,9,0.0027,2.3573,0.0,0.0
genes_51_3_66_59_91_12_76_27_59_12_8_79_71_31_84_73_95_65_68_20_52_47_68_92_12_40_30_99_3_68_48_56_65,9,0.0027,2.3441,0.0,0.0
genes_12_34_15_87_1_43_76_53_20_53_21_70_0_67_45_54_36_80_53_82_42_55_28_37_53_45_99_38_20_18_43_13_96,9,0.0025,2.1721,0.0,0.0
genes_66_81_66_17_48_43_15_77_74_87_71_96_94_91_30_93_40_0_77_37_74_87_77_78_49_2_50_79_88_93_52_58_9,10,0.0024,2.105,0.0,0.0
genes_47_64_88_11_24_17_84_87_28_29_0_22_83_91_18_10_97_94_39_83_60_7_69_77_44_52_32_68_100_25_4_50_63,10,0.0024,2.0619,0.0,0.0
genes_52_72_96_49_10_100_26_65_65_77_11_38_56_1_15_49_38_4_67_99_82_69_82_65_21_73_86_34_93_17_28_81_23,10,0.0024,2.0613,0.0,0.0
genes_7_18_86_45_88_58_44_14_9_54_5_33_71_48_92_0_8_18_1_68_26_75_65_84_23_37_28_22_28_55_7_48_24,10,0.0024,2.06,0.0,0.0
genes_36_24_68_10_81_97_77_70_25_15_16_29_50_88_76_78_60_16_100_62_35_50_12_49_22_42_25_30_69_71_26_1_33,10,0.0023,2.0012,0.0,0.0
genes_12_66_79_3_81_34_89_84_27_46_55_75_10_97_78_35_45_0_1_76_24_46_12_70_74_53_83_59_91_83_70_1_68,11,0.0022,1.8998,0.0,0.0
genes_52_76_31_58_73_35_88_4_61_63_6_41_12_28_6_95_74_68_12_60_62_52_56_91_72_92_55_51_56_93_90_45_97,9,0.0021,1.8503,0.0,0.0
genes_77_47_87_15_15_86_75_79_18_58_100_8_29_85_36_85_43_3_69_82_67_5_64_20_32_77_56_66_2_96_11_69_58,11,0.0021,1.8337,0.0,0.0
genes_32_34_12_7_34_93_97_58_45_55_39_14_0_60_79_18_77_44_54_54_16_4_77_17_97_66_45_38_13_51_82_31_2,13,0.002,1.757,0.0,0.0
genes_74_6_30_21_96_99_37_28_31_65_33_19_5_90_36_29_70_53_84_67_82_40_38_79_63_44_19_25_95_13_4_41_58,13,0.002,1.7297,0.0,0.0
genes_18_78_57_80_100_63_83_45_88_67_99_1_61_65_46_12_91_54_30_83_93_90_50_52_59_4_1_27_93_69_64_56_96,15,0.0016,1.4108,0.0,0.0
