genes_79_28_83_86_52_49_97_14_41_56_39_38_44_22_15_89_71_94_41_69_49_85_46_72_43_34_17_31_33_30_33_25_31_70_26_58_71_85_60_26_78_85_17_24_21_17_70_29_27_97_84_41_83_89_62_66_16_68_64_9_1_68_53_58_56_22_50_40_93_44_2_98_64_35_94_44_29_21_73_26_21_68_97_48_57_14_44_66_21_30_30_71_53_10_18_73_17_90_95,1,0.1429,25.0
genes_76_73_49_4_54_25_56_99_41_52_39_79_17_92_82_37_71_40_27_80_39_85_23_33_83_12_80_53_23_30_33_65_84_70_26_58_66_81_57_26_83_86_45_22_21_0_34_29_38_71_90_59_30_85_40_58_36_68_64_58_18_37_38_58_92_44_54_40_48_43_62_98_57_36_93_4_100_86_35_11_21_13_57_6_41_22_60_99_44_100_28_28_10_12_7_24_21_15_2,1,0.1357,24.0
genes_21_0_55_91_18_28_77_100_60_53_97_48_83_16_7_89_3_23_26_18_91_97_7_45_15_22_67_63_68_33_65_84_98_50_70_91_21_85_82_59_78_77_13_37_2_4_52_7_35_86_99_83_26_85_4_61_36_34_17_1_99_68_19_97_52_66_22_36_48_10_21_67_48_56_92_100_38_79_17_0_20_13_19_58_57_0_53_40_11_35_92_55_15_0_11_80_66_100_43,1,0.1286,23.0
genes_19_28_60_100_8_94_77_52_99_60_42_69_88_95_91_19_59_54_56_69_100_19_21_65_92_20_62_52_68_39_75_22_91_70_70_94_96_72_57_30_95_38_19_34_12_17_64_8_4_54_94_95_84_86_6_76_70_71_56_9_11_51_35_55_45_59_52_62_70_72_62_86_73_32_93_40_48_46_35_7_17_100_100_8_21_92_55_70_15_23_30_44_54_0_15_80_59_86_81,1,0.1286,23.0
genes_4_4_53_40_8_55_22_21_62_85_30_12_88_62_92_24_29_23_99_38_1_24_60_34_1_6_66_84_77_39_3_22_89_100_69_72_86_76_54_21_25_75_7_81_34_2_70_7_39_100_99_95_25_86_100_80_31_71_56_45_18_100_40_63_45_54_53_66_21_42_54_7_21_90_67_45_9_66_58_0_33_100_8_79_55_1_18_33_44_83_90_89_52_15_23_46_5_83_81,1,0.17,22.0
genes_25_54_53_52_8_19_88_100_64_22_51_14_88_94_61_89_3_49_51_70_44_100_48_34_15_13_49_44_73_41_36_83_98_29_52_83_5_85_10_6_89_59_19_34_34_17_64_29_2_75_92_40_41_90_47_60_95_70_97_62_18_27_100_55_25_64_56_45_75_42_62_66_66_92_62_42_40_100_56_5_19_100_8_85_41_4_94_31_16_100_7_69_27_4_15_57_13_93_16,1,0.16,21.0
genes_79_12_72_92_12_28_40_99_41_53_97_95_31_17_12_100_71_91_25_69_39_97_21_99_64_0_79_53_88_30_3_90_84_70_77_91_21_81_57_59_78_86_47_60_21_14_52_26_4_97_35_43_30_85_9_58_16_68_17_36_95_36_30_58_24_56_51_40_95_44_61_98_64_92_90_42_98_74_56_26_19_96_100_7_41_22_60_99_17_13_30_89_53_12_4_59_19_15_43,1,0.16,21.0
genes_78_62_60_100_8_2_74_100_75_55_97_93_69_27_82_94_70_19_51_69_44_19_83_34_92_20_46_43_73_39_39_84_100_86_92_69_87_72_60_44_16_88_19_81_42_0_73_6_94_54_94_95_26_86_1_61_70_71_50_45_1_68_35_56_15_59_54_68_70_18_54_24_21_58_92_4_52_46_40_26_12_68_100_8_21_15_17_100_15_100_48_67_13_30_11_46_13_86_95,1,0.16,21.0
genes_0_28_70_2_38_30_53_44_51_10_51_24_8_97_77_73_71_18_56_69_98_27_60_34_83_9_45_72_70_2_36_22_31_74_53_69_1_81_57_23_89_77_15_85_14_20_46_75_35_21_36_44_54_86_6_61_4_73_48_40_18_22_100_55_56_47_52_62_36_0_61_66_97_39_72_44_51_69_35_33_16_100_100_87_71_1_64_28_22_100_90_70_45_22_42_32_13_17_6,1,0.16,21.0
genes_21_81_61_67_66_94_77_14_100_39_24_55_49_95_91_22_44_54_67_77_35_82_21_65_65_64_67_52_68_29_33_84_31_79_69_94_100_80_54_32_95_69_12_75_22_17_58_27_41_67_35_99_26_85_100_79_65_35_64_1_13_56_95_55_91_34_60_62_70_72_0_67_48_89_93_57_10_95_17_7_34_100_100_88_39_92_90_70_41_23_22_55_54_12_18_80_15_83_67,2,0.15,20.0
genes_18_1_56_99_44_95_88_75_60_48_78_97_49_93_91_78_71_28_49_85_47_100_48_37_78_50_13_44_75_85_36_22_31_18_30_59_17_80_10_12_28_83_19_40_12_6_34_28_80_70_96_59_9_56_96_63_38_22_97_50_43_100_0_75_63_35_56_43_98_36_3_84_55_88_93_42_10_99_43_69_35_73_0_53_97_11_16_5_17_27_66_67_13_85_12_29_18_70_12,1,0.13,18.0
genes_0_77_74_97_21_39_91_96_73_51_5_77_89_94_15_80_49_58_28_38_44_23_46_45_83_7_49_46_27_33_36_85_97_33_51_59_89_77_33_26_97_88_51_33_34_7_0_13_76_71_91_42_41_90_62_63_31_39_20_50_5_68_19_72_52_64_31_36_60_5_0_72_55_92_80_38_98_85_69_1_37_15_55_7_7_57_90_26_34_18_66_68_86_86_8_25_19_42_17,1,0.13,18.0
genes_0_4_64_40_17_39_22_63_62_84_20_12_25_23_82_26_56_30_91_38_1_82_60_10_1_5_66_45_68_44_8_79_35_30_69_51_81_95_45_18_25_75_8_50_35_6_70_36_40_100_23_50_25_61_100_61_13_71_77_45_17_34_4_73_45_43_54_40_33_79_54_66_21_100_89_42_52_66_59_0_38_68_8_79_39_82_23_87_44_23_90_33_88_21_18_57_17_88_88,3,0.1182,17.3333
genes_4_4_56_18_17_28_88_83_62_54_10_12_36_94_15_89_57_23_9_38_1_41_60_34_57_6_66_84_20_39_16_79_31_43_69_71_86_74_47_18_25_87_19_94_35_2_67_7_40_100_36_95_41_47_100_61_41_71_53_62_18_100_49_63_15_40_60_68_6_79_18_69_11_99_25_42_9_66_56_5_33_77_8_79_41_56_23_99_44_81_90_67_52_22_8_62_17_86_91,2,0.15,17.0
genes_4_15_68_94_9_42_77_21_25_55_4_96_31_94_82_17_54_21_71_80_38_82_5_54_84_11_66_46_82_38_16_90_84_33_53_2_52_85_80_75_28_77_12_50_3_14_14_28_82_56_32_51_16_57_44_79_95_67_18_62_37_61_96_62_90_42_60_45_70_18_13_7_62_90_72_70_39_100_56_27_28_67_23_77_21_1_56_8_43_21_23_90_27_1_37_46_72_79_98,1,0.12,17.0
genes_4_21_74_92_22_15_77_87_76_10_97_48_31_94_52_77_56_45_28_68_47_82_85_25_84_48_49_52_76_23_31_25_31_79_66_2_13_83_75_48_24_55_47_34_16_0_64_27_76_69_100_100_11_57_8_79_36_34_95_64_18_98_45_55_90_43_40_33_43_0_61_60_21_90_93_42_95_40_14_66_16_89_23_49_2_13_91_40_52_100_5_70_18_0_19_74_66_83_98,2,0.1143,17.0
genes_0_11_83_86_86_28_77_14_41_56_51_55_49_17_91_30_71_95_96_76_34_19_1_33_43_7_22_87_23_30_33_23_74_70_26_58_71_81_57_26_67_81_12_24_9_6_34_8_21_97_36_40_30_86_40_58_16_68_64_45_95_36_30_58_27_54_48_40_11_10_52_24_64_77_72_44_9_17_72_26_79_100_96_62_51_92_60_87_34_10_30_28_54_22_18_80_17_15_95,1,0.0786,16.0
genes_0_4_62_92_92_51_60_80_46_53_95_77_49_99_77_79_3_18_94_80_47_43_18_68_7_91_83_39_70_38_35_84_31_70_74_87_100_81_82_35_80_59_46_89_12_20_19_75_91_28_80_100_61_81_0_78_13_91_21_18_31_35_36_63_43_56_44_40_8_0_52_100_65_39_90_42_9_17_72_31_77_68_100_79_80_88_63_35_46_27_18_70_13_23_37_34_18_93_43,2,0.1187,16.0
genes_0_49_53_93_13_5_56_91_79_81_35_93_25_92_17_38_56_19_35_34_49_97_57_72_6_20_21_77_26_40_31_27_67_42_53_99_87_82_100_6_90_59_52_17_17_6_70_0_0_97_36_44_86_87_91_79_95_69_44_9_46_100_40_56_92_60_60_100_70_19_95_28_21_58_72_0_29_46_73_28_12_100_100_82_50_34_60_93_44_21_48_16_13_15_17_34_2_70_0,1,0.11,16.0
genes_47_28_59_90_19_44_77_14_81_81_23_48_66_19_98_89_62_94_41_16_35_95_46_25_84_48_17_84_20_30_71_79_86_20_28_86_13_76_75_37_29_77_66_50_37_15_44_7_38_25_81_41_83_89_100_89_66_56_18_64_27_66_60_39_56_42_52_36_47_9_0_66_67_53_89_60_24_40_17_3_19_27_23_83_57_14_44_70_36_30_27_88_20_0_0_74_72_90_100,2,0.1214,16.0
genes_78_27_55_99_95_51_77_42_73_49_80_97_36_94_95_30_17_40_49_9_47_23_3_37_73_50_13_48_23_36_14_22_31_27_26_87_56_83_16_14_13_53_19_34_12_5_66_28_23_55_95_59_83_56_91_63_60_68_56_0_100_100_51_79_15_68_58_33_8_9_3_98_59_88_85_42_9_82_43_69_35_0_1_58_39_53_16_99_46_81_29_91_60_23_12_54_15_100_91,2,0.105,15.5
genes_4_54_53_86_16_28_53_21_76_65_39_8_17_17_82_89_71_93_7_69_98_85_60_34_99_12_41_53_23_58_33_26_25_79_26_69_87_73_62_23_53_70_12_24_34_2_38_34_15_23_36_44_54_86_56_58_11_75_64_9_18_27_100_58_24_56_60_62_25_44_52_98_21_35_87_78_44_74_35_12_21_98_2_59_41_22_60_28_21_10_90_28_49_12_18_62_13_15_95,2,0.105,15.5
genes_0_1_70_92_44_29_88_80_46_64_96_48_8_93_77_73_71_28_56_69_93_41_48_37_57_11_58_70_70_2_36_25_31_18_26_59_53_81_10_32_99_77_15_25_7_20_24_75_80_70_96_92_83_81_30_64_68_67_48_45_6_22_53_55_15_49_56_36_98_0_0_71_55_39_93_47_14_77_56_33_37_77_100_55_56_15_64_28_48_18_66_70_45_22_8_32_18_70_21,3,0.1314,15.3333
genes_40_11_74_91_22_94_73_74_76_88_97_55_31_94_100_73_19_45_28_47_35_82_3_15_15_4_80_41_82_38_38_69_77_50_66_91_96_73_80_25_77_82_47_53_12_16_64_26_26_57_100_10_11_65_8_79_69_39_17_62_18_27_15_73_92_59_40_62_63_18_21_92_62_90_70_51_98_100_57_44_34_100_62_7_15_96_95_5_17_21_67_8_10_12_52_68_5_83_48,3,0.1183,15.3333
genes_19_52_53_100_15_15_53_54_45_60_97_9_8_94_98_94_57_24_9_16_83_90_46_25_92_65_46_84_26_39_9_79_86_67_90_69_87_76_60_44_29_77_66_50_37_15_67_6_40_25_58_94_56_61_1_60_40_60_18_59_27_31_35_59_94_41_52_68_70_79_0_66_57_63_94_60_10_40_40_5_17_27_100_96_21_0_90_100_46_100_49_88_20_0_25_46_70_69_98,1,0.1667,15.0
genes_0_15_61_92_13_39_22_83_62_84_20_65_17_22_82_26_56_30_91_38_1_19_60_34_61_7_49_45_68_39_38_65_89_30_67_72_55_80_62_18_88_84_45_50_46_2_75_36_40_26_36_95_88_61_100_61_13_71_21_45_18_100_49_63_48_43_57_40_36_72_54_66_21_95_85_50_5_66_59_0_38_68_2_82_55_56_23_90_34_83_90_11_52_22_23_46_2_93_88,1,0.125,15.0
genes_0_0_56_57_12_39_77_83_64_84_42_54_17_92_87_22_16_19_9_70_40_19_6_65_1_6_17_63_20_39_33_22_73_16_53_69_87_76_47_18_29_85_12_50_12_6_65_99_100_75_84_95_25_86_35_61_28_39_50_45_49_100_96_67_56_46_63_62_36_80_54_7_26_67_72_42_43_100_72_0_33_100_2_84_55_56_66_0_44_21_26_64_15_15_16_57_5_83_89,2,0.1125,15.0
genes_0_21_55_0_94_0_52_100_64_0_100_12_4_21_18_100_52_97_36_69_36_35_64_33_1_6_49_85_68_39_75_79_35_88_72_83_87_73_58_37_30_77_13_81_42_16_49_6_97_26_41_95_83_32_26_45_70_63_50_52_1_100_96_63_82_60_43_42_29_5_18_61_70_87_73_11_32_69_72_5_31_22_18_83_71_97_95_67_27_100_92_67_13_35_11_74_20_93_81,2,0.1,15.0
genes_79_11_74_91_22_15_40_79_74_88_39_48_49_93_62_30_71_45_56_69_39_82_22_15_15_12_41_53_23_30_3_69_31_70_66_58_69_81_57_26_78_88_47_34_16_14_33_26_4_97_100_43_10_65_8_79_16_34_64_64_18_36_30_58_26_56_40_39_52_5_46_98_55_95_70_46_7_79_56_22_21_68_100_7_41_22_95_45_17_38_7_37_14_71_7_59_17_14_48,2,0.1233,15.0
genes_78_52_60_4_20_43_77_73_63_39_29_93_17_98_98_72_57_54_9_76_35_95_46_70_84_4_51_84_20_43_40_65_86_18_70_93_13_76_62_15_29_54_66_50_21_0_77_7_35_27_86_94_90_61_62_60_30_60_21_4_27_28_60_37_43_44_53_40_8_79_0_83_62_53_93_40_9_40_17_7_22_68_62_87_39_17_17_7_30_27_27_81_13_12_25_74_62_69_85,1,0.1,15.0
genes_4_4_48_92_48_39_77_14_99_84_39_12_12_92_66_22_59_54_56_38_1_19_21_65_1_13_62_52_20_39_8_79_89_14_69_94_96_80_47_35_25_38_49_34_12_2_70_8_4_26_27_95_85_83_100_79_75_75_64_45_13_53_54_63_45_54_52_62_36_79_50_82_73_89_93_40_9_95_56_0_34_100_8_79_55_56_23_71_41_23_90_33_54_19_23_80_17_86_1,1,0.1,15.0
genes_0_0_55_0_5_95_58_11_73_53_78_97_69_24_91_89_71_94_49_79_98_100_3_36_1_6_49_50_18_36_75_84_31_88_96_87_87_73_58_37_16_89_5_81_7_17_46_28_22_55_41_59_9_86_91_59_37_22_50_7_43_100_100_75_67_68_49_37_7_9_3_98_63_7_85_45_5_99_8_69_19_66_55_83_71_56_18_70_22_27_98_91_13_35_0_29_76_18_81,1,0.125,15.0
genes_40_77_55_91_18_28_78_7_60_83_74_48_83_16_62_6_71_71_94_78_44_97_80_72_63_47_76_57_68_39_27_98_94_50_70_91_66_77_80_48_28_88_13_51_13_4_52_76_76_75_99_83_11_85_91_79_36_34_20_41_18_40_38_97_87_66_40_36_63_50_42_72_55_52_88_100_40_79_72_0_99_42_22_9_56_4_53_40_16_33_7_69_12_0_12_80_20_100_15,1,0.125,15.0
genes_0_1_52_90_92_56_77_42_65_84_78_97_25_94_15_92_71_19_91_83_95_23_3_37_92_20_13_44_73_45_15_27_97_46_26_91_87_83_82_56_13_88_19_34_12_0_67_0_23_55_36_41_83_83_91_79_60_68_58_1_46_96_53_93_92_94_47_33_98_19_5_72_21_58_85_53_52_46_59_69_34_4_2_53_66_51_60_99_15_81_25_12_13_88_18_54_15_100_0,1,0.09,14.0
genes_18_21_97_91_44_88_88_82_63_10_5_48_36_94_48_45_71_28_28_16_18_59_48_25_57_65_49_46_75_85_31_25_79_79_26_2_17_85_10_75_28_55_67_94_6_6_34_71_80_26_96_100_83_47_100_61_1_69_91_50_78_38_57_54_90_45_54_33_43_36_1_84_55_75_93_42_52_40_56_0_27_89_23_49_21_13_90_7_48_18_5_69_18_85_19_69_15_70_98,2,0.0988,14.0
genes_0_28_60_65_17_94_77_63_65_39_39_55_21_22_82_26_56_54_91_78_6_19_0_65_61_13_61_52_67_79_39_22_31_79_70_94_96_80_57_36_88_84_12_75_46_6_64_33_4_26_27_95_88_61_100_79_65_75_21_7_17_53_56_73_2_38_54_40_3_72_0_80_73_91_86_50_52_95_35_7_38_100_2_87_39_92_32_70_41_23_25_11_54_5_18_46_59_93_0,2,0.0975,14.0
genes_0_0_58_1_5_4_53_14_64_39_51_97_69_21_1_21_52_100_36_76_98_19_3_33_1_7_49_44_13_82_75_23_86_31_74_100_96_78_57_36_72_77_19_34_41_17_72_2_21_97_41_95_85_0_6_61_70_75_50_45_5_30_56_63_40_46_49_42_38_5_21_66_67_87_72_9_51_17_72_5_79_100_8_83_71_56_32_87_22_21_30_69_13_21_19_77_17_86_88,1,0.09,14.0
genes_43_73_49_4_54_49_56_100_76_52_30_51_17_92_99_38_74_40_27_38_49_97_88_100_6_4_21_50_73_39_5_82_95_50_31_53_56_76_57_6_83_59_6_78_34_17_1_10_73_60_27_59_90_87_30_95_36_73_47_14_85_41_19_56_56_60_60_40_70_6_98_100_62_36_93_48_98_21_73_4_19_68_40_61_15_67_16_70_17_100_25_12_13_5_11_34_62_69_30,3,0.1025,13.6667
genes_4_0_64_97_13_39_74_100_67_54_23_96_11_94_98_89_49_23_49_18_35_82_7_23_74_11_67_84_67_29_13_90_79_72_85_2_21_85_49_75_77_79_71_90_2_17_38_7_34_86_89_51_26_57_49_60_95_35_18_62_37_36_19_67_87_34_22_38_48_0_54_67_62_89_93_45_38_40_17_25_20_82_65_1_57_0_90_99_43_37_24_55_52_1_42_71_72_100_3,3,0.0942,13.6667
genes_21_0_50_97_17_38_88_76_65_50_23_99_36_21_15_92_57_23_91_85_1_41_65_35_70_7_85_63_70_36_75_84_91_34_53_84_96_85_82_30_12_87_19_94_9_17_28_7_80_26_89_41_26_47_30_63_61_35_22_62_100_68_19_93_15_37_60_36_48_0_54_67_10_56_92_45_9_22_22_85_20_77_65_82_41_0_90_99_48_81_92_67_52_14_45_74_11_78_0,1,0.1333,13.0
genes_0_73_100_97_51_25_56_91_74_10_5_16_93_94_15_80_70_47_35_38_44_97_20_45_83_52_65_46_27_43_36_83_97_50_51_92_5_84_57_6_83_54_6_22_50_21_69_36_43_24_91_59_41_5_91_80_95_73_95_3_83_26_95_72_52_45_56_48_34_48_0_8_55_92_97_42_46_76_72_66_37_15_100_7_41_6_19_25_44_18_56_65_89_86_19_25_19_93_0,3,0.08,13.0
genes_23_13_58_28_17_37_77_14_86_84_51_74_91_95_74_100_47_45_96_68_35_19_3_34_15_7_21_37_82_15_31_89_76_79_79_69_97_76_77_36_67_81_12_76_9_6_56_94_40_100_36_97_25_60_33_63_0_39_64_45_5_73_0_62_87_54_53_46_4_10_22_72_78_92_60_12_51_17_72_25_79_100_96_62_54_3_32_28_39_96_83_22_54_13_9_80_15_51_83,1,0.08,13.0
genes_1_53_60_86_13_39_53_62_41_39_6_98_49_17_19_20_56_96_56_69_39_45_21_34_92_12_46_53_24_30_33_89_97_70_26_58_71_81_62_36_89_86_16_24_21_14_34_0_4_26_94_43_93_57_62_61_15_68_64_58_17_36_40_58_24_56_54_97_48_18_52_73_21_87_93_42_9_17_12_26_21_73_100_58_41_22_91_87_34_100_30_28_13_5_11_78_57_93_88,1,0.1,13.0
genes_0_0_56_92_87_28_31_80_42_53_95_55_49_100_94_22_3_18_20_70_47_60_3_67_15_91_17_63_70_38_33_22_97_88_53_51_100_83_80_2_80_85_67_85_9_20_14_100_97_75_35_95_26_7_30_78_28_39_50_18_49_35_100_67_51_54_56_40_12_0_52_97_71_92_72_46_9_81_72_35_41_16_100_0_76_1_17_28_17_21_26_64_13_15_9_46_5_83_3,1,0.1,13.0
genes_19_28_94_100_15_18_56_91_71_52_98_93_12_92_63_70_74_19_44_69_49_85_88_72_96_20_50_44_27_30_32_65_67_46_70_96_12_81_60_40_83_59_16_78_19_16_64_13_40_73_30_3_86_65_6_63_0_69_56_9_21_58_43_56_83_59_60_97_72_94_0_90_62_88_73_100_9_21_28_7_19_68_29_83_15_14_75_70_44_50_25_13_13_71_11_34_18_83_15,1,0.1333,13.0
genes_0_77_55_91_18_28_77_14_77_60_51_55_31_15_95_80_3_45_96_78_42_19_48_34_92_50_76_87_68_33_23_98_94_31_74_100_96_78_57_59_72_63_10_34_12_6_52_26_76_100_100_81_85_0_4_79_36_34_17_45_43_36_19_62_56_66_48_46_12_10_21_72_55_50_72_9_40_84_72_0_20_13_16_62_56_92_53_40_34_21_30_69_12_0_11_80_70_83_88,1,0.1333,13.0
genes_2_11_83_22_3_51_77_21_76_55_97_12_31_67_20_26_59_23_99_69_8_79_60_34_1_7_49_52_82_39_27_89_77_70_53_51_21_84_54_21_100_75_44_81_7_11_14_5_39_26_36_43_25_67_40_80_31_43_56_62_49_27_40_63_59_54_52_66_21_44_18_98_83_92_72_76_43_74_71_5_34_71_8_78_79_46_48_26_40_80_60_28_14_16_42_46_5_83_81,2,0.1333,13.0
genes_18_73_61_94_49_25_77_96_74_4_30_77_89_94_100_80_57_47_28_38_35_99_46_25_84_65_66_87_20_43_35_83_85_16_51_2_13_76_75_57_29_88_66_22_31_15_62_13_40_71_86_94_41_61_89_80_31_60_19_62_27_68_22_39_31_64_59_36_47_79_0_66_55_53_60_60_9_40_72_20_37_11_23_1_56_4_90_7_46_84_22_88_20_0_25_24_72_69_16,2,0.0837,12.5
genes_42_73_56_97_53_25_91_96_74_53_97_12_89_21_51_22_45_47_99_68_98_97_20_34_1_6_49_44_27_43_36_87_77_50_51_51_96_82_56_21_97_88_19_42_28_17_1_2_76_26_91_95_41_86_14_80_31_71_56_45_18_27_40_72_49_64_52_66_60_48_62_72_55_90_72_71_43_69_58_10_34_15_10_7_56_4_90_28_17_18_70_68_91_86_18_25_4_83_16,2,0.1167,12.0
genes_25_0_53_5_0_15_53_49_62_53_23_93_88_26_61_89_52_94_51_70_98_100_45_33_54_6_49_44_80_41_69_60_86_88_71_69_87_85_47_6_16_75_19_81_34_17_64_6_94_26_25_95_25_86_6_61_48_73_17_49_18_97_100_49_45_46_33_68_36_5_52_100_69_87_87_45_40_69_50_5_19_100_8_84_41_0_55_31_44_100_7_69_13_4_18_57_13_10_81,1,0.0875,12.0
genes_5_12_53_21_20_18_56_94_78_84_94_96_82_7_92_26_54_27_51_70_0_23_57_74_77_49_49_44_21_44_22_77_81_16_87_91_96_82_33_6_10_88_12_37_9_18_70_31_51_100_25_60_30_57_100_63_66_35_68_1_21_58_97_73_92_54_40_33_44_15_20_72_82_50_88_65_33_94_43_0_6_43_2_27_72_16_44_5_48_23_60_33_60_15_19_61_2_96_10,1,0.07,12.0
genes_0_15_55_51_95_28_62_100_76_53_97_12_31_21_18_100_52_45_24_68_93_100_48_45_64_3_83_85_88_49_3_79_84_51_76_91_10_73_82_37_28_22_47_84_42_17_49_26_2_71_33_99_83_67_30_61_33_63_17_36_36_22_15_75_82_79_58_40_95_32_61_4_61_55_73_51_98_27_72_0_31_100_55_7_74_90_95_93_17_81_88_71_13_31_2_59_19_93_43,2,0.065,11.5
genes_0_28_98_0_54_0_53_95_64_53_23_97_17_90_7_89_52_94_36_44_98_97_88_33_1_6_53_44_73_65_75_65_86_33_71_69_87_78_57_70_83_61_19_78_42_19_46_6_94_97_41_95_90_87_91_63_95_74_50_9_1_41_100_56_56_60_60_88_70_5_52_66_67_87_87_45_29_21_73_5_19_98_96_83_71_11_59_70_21_100_92_16_13_5_0_34_61_86_84,1,0.1,11.0
genes_42_11_56_86_8_55_97_100_76_56_97_12_49_26_15_30_29_96_56_70_98_24_21_99_1_12_41_53_23_39_33_89_77_70_26_51_71_81_57_26_78_86_12_78_21_14_14_7_4_97_99_43_25_86_40_80_31_71_64_58_18_36_40_55_24_54_56_40_48_44_52_98_69_90_93_44_47_69_58_26_24_68_4_58_71_1_57_28_40_10_30_28_13_12_18_73_5_83_95,3,0.0733,11.0
genes_18_73_74_97_52_25_88_96_74_53_5_98_31_94_15_80_3_49_28_38_44_97_20_45_18_52_49_47_27_48_36_83_97_18_51_59_56_84_15_27_97_88_19_34_31_17_62_29_78_75_92_59_41_87_47_60_31_70_97_50_40_68_95_71_52_64_56_45_60_48_0_73_55_89_60_42_98_86_56_26_28_15_19_7_56_4_90_99_17_22_64_69_92_86_8_25_19_83_16,2,0.06,11.0
genes_78_62_60_90_95_2_58_14_64_55_24_93_69_95_82_89_71_40_41_9_43_100_88_37_8_53_65_44_73_30_31_13_97_88_92_93_56_80_59_14_16_83_49_41_42_0_70_7_40_86_95_59_83_56_91_58_37_22_50_4_43_100_0_75_15_24_54_42_70_0_52_98_59_88_85_4_52_99_38_70_35_68_55_87_11_15_17_93_17_30_56_91_60_35_0_29_76_15_12,1,0.075,11.0
genes_2_47_58_100_20_39_77_19_73_39_51_55_31_98_89_21_56_100_96_69_44_45_83_34_92_20_21_45_77_82_31_31_97_31_74_69_12_72_64_36_72_81_12_72_12_2_25_0_40_100_94_49_93_0_0_63_13_75_19_45_17_27_56_59_56_39_48_97_11_18_0_24_79_77_72_9_52_17_73_0_79_100_69_62_51_92_91_87_34_100_5_6_10_5_19_56_17_83_88,3,0.0533,10.3333
genes_78_28_57_4_20_51_56_73_63_52_35_93_17_98_84_43_70_30_35_80_58_41_88_36_6_4_80_45_27_39_3_62_97_79_70_93_11_82_62_32_83_24_41_75_21_57_0_36_38_30_90_59_90_61_66_61_13_93_20_4_18_26_38_56_43_45_53_40_65_72_4_83_55_36_91_40_95_74_35_7_14_68_57_87_39_64_17_70_34_100_25_37_95_12_7_68_62_93_1,2,0.0286,9.0
genes_18_95_74_90_20_25_88_96_63_53_39_98_31_97_15_73_67_25_56_74_44_90_3_99_15_49_53_44_77_39_32_83_26_27_30_97_21_84_10_27_99_59_19_34_7_14_64_9_4_75_92_95_85_61_86_63_95_43_97_6_35_37_28_52_2_94_48_45_70_45_0_72_81_88_88_40_9_100_43_26_21_0_2_87_12_92_90_85_31_100_25_69_26_23_19_54_21_100_11,1,0.02,7.0
genes_0_11_58_92_20_31_45_54_64_53_23_97_69_90_7_21_71_100_36_79_35_19_64_33_92_7_17_89_13_82_31_23_55_31_74_69_87_78_58_36_72_81_19_32_42_79_46_6_94_22_41_97_25_89_6_67_70_75_50_52_5_100_56_62_56_54_48_46_11_10_21_24_78_77_89_9_48_17_56_5_19_100_7_80_55_92_32_70_22_96_92_69_38_22_19_69_17_86_88,2,0.025,6.5
genes_76_15_55_52_20_25_77_96_63_42_39_97_31_94_15_80_3_25_54_74_49_23_3_99_73_49_13_44_77_82_32_83_26_27_87_100_85_84_57_74_83_86_19_34_7_91_64_9_4_75_24_92_41_90_86_63_95_70_97_65_35_36_56_68_2_94_48_45_70_48_0_72_62_89_88_70_9_100_56_26_19_4_96_84_12_4_88_99_31_22_64_69_55_23_19_54_24_100_16,1,0.0,5.0
genes_94_21_100_5_13_88_77_94_68_86_94_48_19_92_52_73_54_27_51_16_1_59_57_99_84_69_49_84_21_30_9_79_74_79_87_37_7_85_73_75_8_58_67_75_9_99_70_27_55_26_41_100_56_57_100_55_1_60_24_62_18_24_50_55_90_33_54_30_44_79_0_74_64_75_93_42_52_74_56_66_33_47_23_49_21_27_91_5_48_81_61_33_60_0_19_56_66_70_71,2,0.0,5.0
genes_18_13_74_52_45_25_99_99_41_53_39_98_31_17_15_80_71_96_91_69_39_85_21_54_43_11_47_44_23_39_33_89_25_70_87_69_21_84_57_27_83_59_45_34_7_14_62_16_81_27_92_38_30_85_47_85_95_70_97_58_95_35_30_55_15_52_48_40_70_44_0_66_62_89_88_44_5_100_72_26_21_100_100_58_56_4_60_99_16_22_64_69_27_1_42_73_19_100_95,1,0.0,5.0
genes_4_77_55_94_13_28_77_29_67_84_5_96_31_98_98_99_49_19_2_80_35_32_52_65_84_11_66_82_68_11_15_23_83_33_53_83_21_85_49_23_77_77_11_90_13_6_34_32_76_25_89_51_26_41_44_79_100_67_18_62_36_28_28_73_55_42_33_80_70_5_94_66_48_89_93_70_43_40_48_32_28_68_23_1_21_16_95_28_17_97_60_88_15_1_42_27_72_69_98,1,0.0,5.0
genes_0_4_55_21_92_51_77_42_25_84_92_96_36_88_92_92_71_25_12_59_95_23_57_99_77_47_68_44_70_30_9_79_86_16_87_91_56_85_16_6_13_59_19_37_9_1_66_40_55_55_41_56_83_61_100_63_60_64_56_0_99_24_53_93_92_94_64_36_98_94_5_74_64_55_85_42_9_74_39_69_35_43_2_66_72_24_88_99_46_81_25_33_60_88_12_56_72_100_91,0,0.0,0.0
genes_76_27_55_90_99_95_58_14_63_43_76_97_49_95_91_30_71_25_49_8_47_23_1_99_71_47_13_50_23_36_32_22_31_27_30_87_85_78_57_36_99_86_5_34_12_17_70_28_23_55_95_61_84_58_86_59_65_22_56_6_4_100_0_75_2_94_55_28_7_9_0_72_59_88_85_40_51_99_43_69_19_0_96_11_12_64_44_93_15_27_25_69_55_23_11_55_22_94_12,0,0.0,0.0
genes_0_85_61_86_49_55_72_61_41_39_39_69_49_22_15_30_56_30_91_69_3_19_0_99_43_12_53_45_23_44_40_65_25_30_26_51_71_82_62_36_78_86_45_24_18_6_34_36_40_97_81_100_88_85_40_58_13_68_21_7_17_36_30_73_24_56_48_40_6_72_52_98_64_95_85_44_9_13_59_2_38_68_2_67_39_82_17_99_21_10_25_28_88_5_17_73_17_15_88,0,0.0,0.0
genes_40_87_55_99_11_39_76_85_73_83_35_77_9_7_92_6_49_58_94_70_44_23_18_72_83_7_21_44_23_39_32_69_84_62_29_58_66_77_80_48_63_88_17_33_29_16_0_10_26_76_36_7_7_62_62_63_16_39_21_14_18_68_14_70_55_59_35_15_63_50_100_72_55_28_80_52_29_92_4_69_28_42_51_73_65_64_75_87_19_23_9_14_55_71_12_54_18_96_7,0,0.0,0.0
genes_79_13_64_62_17_51_77_42_86_84_0_69_13_71_82_100_5_53_94_80_98_43_3_72_5_65_49_49_82_44_14_87_75_70_53_48_18_81_65_36_23_63_46_76_25_5_56_94_91_100_89_44_25_60_0_63_0_91_47_45_40_35_38_62_87_47_53_38_8_53_52_67_21_39_90_42_99_17_46_25_77_68_76_79_54_88_59_85_44_9_18_21_41_15_9_62_15_51_3,0,0.0,0.0
genes_4_28_100_5_20_88_77_73_63_10_6_65_17_94_52_45_56_52_35_16_44_41_85_25_84_69_51_45_66_23_40_65_79_79_74_2_12_82_62_75_83_55_10_75_6_0_62_36_40_26_86_100_26_57_100_60_1_60_26_4_17_98_45_56_43_45_54_40_40_72_4_91_21_36_93_40_52_74_35_66_22_89_23_87_21_15_17_7_48_23_25_65_13_0_19_74_66_69_98,0,0.0,0.0
genes_36_21_100_18_17_28_77_76_63_50_13_52_36_92_52_45_56_23_53_85_16_41_85_21_57_7_49_77_83_23_31_25_31_79_53_48_96_85_75_75_12_55_19_75_9_6_33_27_70_26_89_44_56_57_100_63_31_60_58_62_100_36_45_55_90_45_60_33_1_0_21_70_21_99_56_42_9_40_56_66_34_77_2_49_21_11_91_7_48_100_56_65_46_0_8_78_66_78_98,0,0.0,0.0
genes_18_73_56_99_17_42_91_96_24_53_5_77_31_95_15_17_45_47_28_47_44_25_20_28_78_48_49_46_27_38_33_22_97_50_56_59_56_82_56_57_97_88_14_50_31_14_14_13_40_71_32_33_11_57_8_79_31_39_21_50_83_68_96_72_56_64_60_12_21_18_21_7_55_92_72_42_98_100_56_28_37_25_2_77_56_1_46_8_6_22_66_68_27_15_8_46_5_83_16,0,0.0,0.0
genes_18_1_16_91_13_98_88_39_60_50_0_96_19_93_15_73_55_27_28_85_1_41_57_37_77_49_49_84_75_85_36_79_82_16_22_91_2_85_11_8_10_59_12_94_9_18_70_40_80_100_96_92_30_47_100_60_68_67_97_50_20_39_62_55_92_33_52_43_44_36_0_84_64_46_93_87_3_74_56_0_37_77_74_53_65_24_66_5_48_81_61_69_13_85_20_56_15_79_77,0,0.0,0.0
genes_81_4_53_21_13_44_56_61_27_84_94_96_52_92_92_73_29_40_46_68_91_99_57_38_64_51_80_67_21_26_31_93_31_28_87_53_7_85_72_36_33_59_12_37_9_17_64_40_41_66_45_59_88_61_100_90_1_70_24_62_63_31_62_72_52_33_33_36_44_79_0_77_64_56_25_87_8_65_32_5_33_16_55_82_39_24_66_26_46_81_10_33_60_22_19_56_72_93_71,0,0.0,0.0
genes_36_11_69_70_18_28_88_76_64_50_10_55_36_94_51_92_52_23_87_47_33_41_3_65_64_7_85_77_19_38_100_25_31_43_53_52_96_85_80_30_78_84_19_49_9_20_33_27_39_26_82_25_11_15_100_20_64_39_17_62_50_27_40_97_52_54_60_36_13_27_26_24_55_92_56_53_30_14_56_0_38_72_23_82_47_57_60_99_22_26_23_33_52_21_46_47_15_76_3,0,0.0,0.0
genes_94_91_53_21_13_32_72_80_25_60_94_96_22_7_93_73_59_27_51_78_1_79_57_54_77_7_66_84_24_30_29_79_86_12_87_91_7_85_32_6_100_61_12_34_9_18_70_26_55_100_41_43_30_67_100_60_33_43_64_62_49_27_57_78_90_54_52_36_49_49_0_74_64_92_93_87_43_74_71_0_33_71_2_27_61_18_48_26_48_10_61_40_14_22_42_75_2_83_71,0,0.0,0.0
genes_4_95_100_5_20_88_77_82_63_10_95_97_4_97_52_73_56_25_56_8_49_59_3_25_84_69_49_46_72_23_32_25_79_79_36_2_13_85_57_36_14_55_67_75_6_0_62_9_4_55_27_100_56_50_100_63_1_63_64_6_17_56_56_68_91_94_45_85_43_45_0_91_81_88_85_40_51_12_43_0_19_0_23_84_21_92_44_88_47_100_5_65_55_23_19_56_66_98_98,0,0.0,0.0
genes_47_25_59_5_13_49_77_82_63_10_95_48_67_94_52_89_56_52_41_74_49_100_85_72_84_69_17_63_70_27_75_25_79_79_28_2_13_85_75_37_11_55_67_75_12_0_70_27_40_97_84_100_83_89_62_61_1_58_50_65_0_98_50_55_90_45_57_33_26_9_61_91_21_88_93_47_24_21_28_5_19_0_96_49_57_14_44_70_36_30_25_65_18_0_16_74_12_90_95,0,0.0,0.0
genes_79_12_50_97_12_88_40_91_75_56_100_100_8_21_51_100_52_62_25_68_91_97_83_18_64_22_79_50_70_23_3_90_8_50_72_91_13_75_75_59_77_77_47_31_6_15_15_26_36_55_87_100_56_20_9_61_33_30_17_37_83_27_15_62_52_34_58_36_95_49_94_4_75_96_57_51_29_40_17_15_20_89_32_10_74_90_90_7_48_100_88_89_9_26_19_59_19_69_97,0,0.0,0.0
genes_78_11_60_92_13_44_77_14_76_84_40_55_31_92_92_100_29_38_96_68_91_19_19_34_64_56_80_87_26_43_31_94_75_31_51_53_96_81_77_36_72_81_49_33_12_6_69_10_21_66_36_97_85_67_7_63_1_74_17_14_5_28_19_67_52_68_33_36_68_5_61_24_78_77_72_52_51_65_72_5_79_100_55_82_51_92_12_87_46_21_10_15_54_22_19_29_17_93_88,0,0.0,0.0
genes_78_11_56_99_12_55_78_19_76_51_42_51_55_95_91_15_54_49_51_71_38_100_3_37_59_4_55_46_23_36_32_69_31_27_53_87_56_80_59_14_72_48_5_30_12_17_70_28_23_58_95_33_7_60_35_79_27_22_56_0_43_100_0_75_87_54_53_33_59_9_3_98_57_51_85_38_3_100_56_28_34_68_2_26_39_64_57_5_39_27_98_91_11_23_12_42_76_15_12,0,0.0,0.0
genes_5_32_56_90_20_18_77_85_63_37_74_100_49_100_92_26_54_25_56_70_24_23_3_72_73_7_49_87_68_44_28_21_81_27_30_97_13_82_33_36_100_86_10_53_7_14_64_31_33_79_27_59_11_57_62_63_65_40_68_6_49_56_31_73_2_94_40_38_11_45_22_76_82_0_85_40_47_17_43_2_19_71_96_27_66_21_44_28_26_23_60_69_55_23_12_54_7_98_12,0,0.0,0.0
genes_4_14_53_40_13_5_56_21_76_84_94_94_17_95_74_100_31_23_9_69_1_87_60_34_58_10_66_89_84_58_36_22_31_54_87_69_87_73_57_60_29_59_12_50_34_70_46_6_94_26_93_50_30_86_100_60_43_32_67_7_18_71_40_70_56_47_60_62_36_79_61_71_57_92_57_44_99_71_35_0_19_15_2_82_54_56_49_29_22_100_69_69_59_27_12_60_17_86_4,0,0.0,0.0
genes_78_73_49_40_54_39_18_83_62_84_30_79_17_92_92_38_29_23_11_80_58_41_60_34_83_6_66_42_27_43_8_65_84_79_65_69_86_76_47_32_83_75_3_18_21_2_0_15_40_100_99_95_25_57_8_64_71_62_64_45_18_100_49_56_92_46_54_40_36_79_54_66_55_50_93_4_97_86_56_11_33_13_8_6_39_56_23_33_44_100_56_88_50_22_7_57_21_86_1,0,0.0,0.0
genes_79_12_49_92_12_28_40_49_43_53_97_51_17_13_92_11_70_45_25_80_58_41_20_45_86_4_80_45_88_49_3_65_84_79_72_91_56_75_56_33_83_88_41_22_62_0_0_15_38_55_35_59_96_67_9_81_33_34_20_14_83_64_38_75_52_45_54_36_95_0_61_26_61_36_90_51_95_86_35_0_14_13_55_7_74_64_12_70_22_100_61_88_10_26_7_24_19_70_38,0,0.0,0.0
genes_0_1_53_89_96_23_72_78_64_52_77_97_33_94_95_30_54_26_52_83_44_90_3_73_54_11_41_84_68_27_14_25_28_27_69_87_21_86_16_27_79_53_19_34_12_82_66_9_23_54_25_40_56_61_91_11_61_73_64_1_8_36_53_93_15_56_60_33_98_49_21_72_23_88_93_42_9_82_11_20_35_64_2_53_66_27_88_99_46_27_25_67_55_88_12_54_76_20_2,0,0.0,0.0
genes_1_54_53_2_19_98_77_85_78_65_51_100_17_95_92_26_54_29_7_65_98_87_60_72_61_9_49_44_80_43_36_21_31_79_53_57_96_82_57_26_90_70_12_53_34_2_2_31_33_26_36_44_54_57_62_61_69_73_68_4_18_58_31_73_66_47_40_38_41_0_56_72_82_92_88_44_29_94_35_2_6_100_2_87_39_16_44_28_40_100_90_12_55_15_12_57_10_85_5,0,0.0,0.0
genes_0_4_55_38_13_39_77_80_73_84_35_12_89_7_92_89_29_58_9_38_44_19_46_34_83_6_66_52_27_39_32_85_84_33_69_69_89_77_47_26_62_73_8_50_35_2_0_10_79_71_23_42_7_86_62_61_16_89_64_61_5_72_19_72_45_64_52_68_65_84_100_66_21_50_89_52_98_66_56_1_32_100_4_7_7_56_18_33_44_83_90_14_60_86_60_57_17_70_91,0,0.0,0.0
genes_47_32_59_70_18_49_96_83_81_53_5_55_69_21_52_89_54_96_39_47_38_100_3_72_64_81_17_57_72_30_96_25_31_35_53_86_100_84_34_37_16_84_17_49_26_20_46_27_39_97_84_41_11_15_62_66_66_70_14_1_1_68_53_97_52_54_57_39_8_27_25_25_67_88_92_53_24_100_73_8_22_82_96_83_57_57_44_28_36_98_20_29_52_5_49_47_62_90_3,0,0.0,0.0
genes_78_28_56_4_18_51_77_73_78_39_77_100_17_4_87_26_54_100_60_80_44_41_88_72_75_7_49_44_68_39_28_65_97_24_53_57_12_82_66_36_93_54_10_75_18_0_9_58_40_75_86_56_90_61_62_61_13_40_68_4_49_29_31_73_43_44_50_38_41_72_4_84_82_0_88_65_52_74_43_7_6_71_62_87_66_16_17_28_34_22_60_85_55_8_12_57_2_93_10,0,0.0,0.0
genes_76_1_55_90_19_88_77_42_73_42_39_97_36_97_89_92_69_23_49_8_49_23_3_37_73_49_13_44_77_82_14_22_31_27_26_97_85_78_57_56_13_86_12_34_7_14_66_9_4_55_22_59_85_61_86_63_65_43_64_6_100_96_56_68_11_94_60_33_98_94_0_72_82_88_59_40_51_82_43_69_35_0_2_84_12_92_88_88_95_81_25_67_55_23_19_54_21_98_12,0,0.0,0.0
genes_21_0_50_97_49_94_74_96_74_53_5_77_8_21_15_48_45_23_33_38_44_82_20_45_74_99_67_46_70_30_36_84_91_50_51_59_96_85_82_39_97_77_38_37_6_17_43_13_35_86_89_59_41_89_30_80_66_35_19_50_83_68_19_66_90_64_22_40_60_48_0_67_55_65_60_42_98_84_17_26_20_15_19_58_57_0_90_26_16_18_92_55_57_86_46_25_19_100_16,0,0.0,0.0
genes_40_11_55_94_84_54_83_90_76_83_74_51_55_7_62_8_67_100_51_71_38_23_76_32_64_4_47_44_23_39_27_69_31_27_29_91_7_82_80_48_72_48_17_53_12_9_16_9_42_75_36_8_7_59_35_63_26_7_20_1_34_55_40_73_87_54_54_62_59_50_42_7_81_52_72_71_24_100_50_69_99_100_51_27_66_1_75_50_19_53_7_89_11_28_12_42_20_52_13,0,0.0,0.0
genes_25_87_51_2_20_18_77_100_62_82_74_14_88_7_61_26_1_100_64_70_13_23_45_34_74_7_49_44_80_41_28_21_81_29_52_83_96_88_47_6_100_22_10_84_18_17_9_22_33_79_90_45_83_57_6_61_16_71_68_1_18_48_31_49_45_54_33_68_41_72_20_100_82_92_88_42_40_94_43_2_6_100_23_27_41_16_44_33_44_57_7_12_55_15_13_57_2_93_10,0,0.0,0.0
genes_0_54_98_0_5_5_53_54_64_53_23_97_69_22_7_22_51_19_36_36_99_100_57_33_1_6_49_77_13_38_75_27_97_46_71_67_87_73_100_37_16_88_19_81_38_17_71_6_1_54_36_44_86_80_100_79_31_67_60_52_48_100_40_63_92_54_33_42_70_5_90_24_67_58_82_53_52_69_78_5_34_100_100_83_50_34_60_93_22_100_48_12_13_15_0_74_63_86_81,0,0.0,0.0
genes_23_52_61_64_11_44_77_87_85_0_0_69_8_71_74_74_57_49_7_68_35_95_46_99_13_65_66_84_20_15_9_91_86_16_86_69_92_76_75_10_29_77_17_76_37_15_56_94_35_25_86_40_25_61_30_60_30_60_18_0_40_28_2_39_87_42_52_36_47_53_0_72_57_53_89_40_9_40_46_25_21_27_23_71_21_0_90_7_46_96_27_21_20_15_28_62_1_51_98,0,0.0,0.0
genes_0_11_61_92_17_31_77_63_65_39_51_69_25_95_91_26_71_30_96_76_35_34_0_34_92_7_21_45_59_82_42_23_75_35_74_51_12_82_62_36_72_81_12_34_46_6_75_36_40_26_36_100_90_61_100_61_13_93_21_45_17_36_40_61_56_54_81_41_6_10_21_83_78_95_85_9_51_17_72_0_38_100_4_82_39_82_17_87_34_23_25_11_88_22_18_46_17_93_88,0,0.0,0.0
genes_0_15_71_52_12_25_72_96_64_55_5_98_49_94_15_80_52_49_91_70_44_24_48_65_83_7_52_44_73_39_33_83_26_93_53_59_96_82_80_27_76_85_24_34_12_14_14_99_78_75_86_28_11_7_35_55_28_39_50_62_49_36_28_70_15_54_63_62_43_48_0_7_71_67_52_100_43_100_71_35_36_100_2_27_90_4_44_99_19_20_26_63_27_1_18_46_19_83_16,0,0.0,0.0
genes_14_15_49_6_54_25_56_56_43_49_5_79_17_97_78_38_2_40_91_80_44_90_20_54_83_5_80_45_27_39_3_65_84_79_87_59_21_84_10_27_85_59_41_22_7_0_3_15_78_71_92_59_41_57_47_59_36_34_97_14_35_26_28_56_15_64_54_40_70_48_61_66_58_36_93_2_9_86_56_26_28_13_57_6_39_0_12_99_44_96_56_69_27_1_7_68_21_70_1,0,0.0,0.0
genes_21_0_55_51_14_41_69_100_64_24_100_12_4_21_18_100_51_23_26_69_91_82_7_32_78_91_67_85_70_8_75_84_35_30_85_83_10_73_82_39_35_77_13_37_2_17_43_7_2_71_16_41_26_35_26_64_66_35_22_1_95_65_19_62_82_60_43_36_48_5_18_67_48_56_73_11_32_22_17_22_31_22_65_8_67_87_95_28_45_30_92_55_13_15_11_27_14_95_3,0,0.0,0.0
