genes_48_13_68_83_75_46_12_56_55_64_49_47_21_72_26_2_51_100_47_93_68_80_37_39_58_4_64_75_61_70_64_10_85,8,0.005,2.0938,0.0,0.0
genes_10_76_0_87_55_24_62_33_74_19_38_96_31_20_47_69_19_5_75_25_8_22_53_25_79_84_9_2_35_92_92_1_1,8,0.0042,1.7617,0.0,0.0
genes_31_22_94_22_29_32_97_66_21_18_70_17_1_49_9_38_5_52_23_59_88_37_48_15_70_14_45_26_92_16_63_97_55,8,0.0039,1.6406,0.0,0.0
genes_92_89_84_85_65_63_29_17_57_67_61_26_39_2_97_70_91_74_22_94_14_9_10_64_77_50_75_35_98_32_93_8_92,8,0.0039,1.6406,0.0,0.0
genes_39_45_66_32_45_34_1_54_3_26_46_84_34_3_56_18_6_4_60_13_95_48_87_88_68_75_11_84_60_4_71_74_38,8,0.0036,1.5,0.0,0.0
genes_83_23_81_30_2_30_41_36_62_66_53_77_50_51_47_93_1_66_77_28_0_61_27_69_45_34_76_65_13_72_9_92_99,8,0.003,1.25,0.0,0.0
genes_67_75_13_37_11_4_90_59_79_7_98_73_55_13_87_1_61_8_71_78_54_27_66_1_43_82_36_28_72_84_18_47_98,8,0.003,1.25,0.0,0.0
genes_87_96_14_79_57_61_100_92_41_30_14_24_88_61_77_99_62_97_68_26_36_75_12_54_6_4_64_2_81_98_58_4_83,8,0.003,1.25,0.0,0.0
genes_60_46_39_39_61_79_23_81_34_63_22_90_49_22_27_19_1_50_31_60_91_61_88_47_77_62_55_34_66_87_78_46_79,8,0.003,1.25,0.0,0.0
genes_6_31_64_92_11_34_84_49_78_5_98_58_5_8_67_38_84_84_96_90_47_62_81_49_21_14_14_78_8_90_49_92_45,8,0.003,1.25,0.0,0.0
genes_48_33_42_56_66_66_100_75_33_89_31_0_90_1_30_85_52_7_3_35_53_93_61_24_86_80_7_63_55_93_53_74_61,8,0.003,1.25,0.0,0.0
genes_56_57_36_16_23_83_22_5_36_88_15_71_50_45_95_85_88_92_79_78_7_9_92_46_36_87_75_3_20_34_2_30_100,8,0.003,1.25,0.0,0.0
genes_5_96_49_18_73_60_96_67_45_29_20_18_55_50_80_61_21_43_69_54_11_31_6_5_78_52_34_97_33_17_62_44_20,8,0.003,1.25,0.0,0.0
genes_74_2_41_69_62_67_23_34_94_59_68_4_78_40_91_28_99_100_69_58_96_46_11_65_87_41_65_64_29_12_35_76_69,8,0.003,1.25,0.0,0.0
genes_61_62_40_1_75_21_79_83_32_81_52_17_84_40_95_45_71_100_78_2_90_78_35_43_2_8_98_48_28_29_99_92_68,8,0.003,1.25,0.0,0.0
genes_72_18_4_96_58_42_97_60_76_12_38_59_13_1_88_34_59_27_67_22_40_49_80_45_70_37_23_36_4_5_76_17_88,8,0.003,1.25,0.0,0.0
genes_25_37_50_21_1_51_37_56_1_35_42_83_42_52_60_43_79_48_23_99_43_73_81_89_57_38_44_99_94_6_98_47_68,8,0.003,1.25,0.0,0.0
genes_51_69_73_73_11_50_65_55_57_4_81_26_67_13_68_1_63_51_65_31_54_100_86_90_37_11_33_33_50_1_82_31_91,8,0.003,1.25,0.0,0.0
genes_93_4_22_28_15_66_50_20_40_78_58_97_14_38_62_80_5_7_97_0_30_81_9_86_98_21_18_23_27_75_95_82_36,8,0.003,1.25,0.0,0.0
genes_63_5_55_43_15_41_56_10_24_57_17_30_17_94_47_88_66_83_5_75_37_1_30_8_74_88_89_44_34_85_26_69_58,8,0.003,1.25,0.0,0.0
genes_17_19_2_99_62_91_46_43_60_22_15_90_81_45_90_36_69_78_50_26_23_55_66_29_90_21_86_73_37_73_64_53_79,8,0.003,1.25,0.0,0.0
genes_3_28_74_82_59_37_12_0_69_29_29_60_70_92_19_90_65_97_92_90_54_14_21_91_34_72_34_69_35_69_37_41_2,8,0.003,1.25,0.0,0.0
genes_37_48_9_49_33_44_100_5_25_13_46_83_80_21_90_17_62_1_1_50_87_27_16_59_86_94_99_56_21_84_45_98_68,8,0.003,1.25,0.0,0.0
genes_99_10_3_40_54_62_50_99_0_34_25_44_44_44_22_13_99_65_33_9_97_77_45_92_45_79_7_73_56_18_29_65_38,8,0.003,1.25,0.0,0.0
genes_66_72_10_33_21_91_65_37_56_78_96_60_85_99_47_92_67_3_84_33_29_21_23_79_92_99_14_21_77_29_26_97_69,8,0.003,1.25,0.0,0.0
genes_71_24_65_38_17_50_96_92_13_35_30_46_99_91_86_46_38_66_41_25_99_63_27_37_14_36_36_63_82_12_98_6_32,8,0.003,1.25,0.0,0.0
genes_30_95_43_25_25_74_47_7_59_90_53_41_86_81_27_80_36_50_18_80_85_55_16_24_98_82_94_65_95_18_47_40_100,8,0.003,1.25,0.0,0.0
genes_28_93_81_48_74_35_38_36_73_91_14_97_78_32_75_51_58_21_7_6_87_9_65_83_48_6_73_77_86_67_45_61_46,8,0.003,1.25,0.0,0.0
genes_74_52_32_32_16_64_74_34_5_67_81_78_41_29_58_26_59_67_11_26_98_97_56_32_3_100_7_3_68_99_94_86_58,8,0.003,1.25,0.0,0.0
genes_1_7_14_2_77_30_12_57_82_44_96_0_69_17_52_20_83_82_56_45_15_34_10_81_38_41_50_14_93_83_84_56_49,8,0.003,1.25,0.0,0.0
genes_33_69_21_40_14_48_26_31_3_52_81_61_28_91_64_76_68_31_87_29_68_86_14_25_76_6_39_22_36_17_85_19_18,8,0.003,1.25,0.0,0.0
genes_51_20_2_3_51_48_84_74_21_9_70_49_99_50_10_38_100_81_24_80_85_53_51_73_20_93_35_68_90_43_3_82_50,8,0.003,1.25,0.0,0.0
genes_24_23_60_93_54_70_6_30_35_18_6_66_50_39_44_88_70_13_71_98_89_23_46_88_76_54_55_60_55_6_49_93_10,8,0.003,1.25,0.0,0.0
genes_35_2_55_63_61_36_46_39_19_55_67_91_85_45_42_15_86_26_23_0_56_22_78_95_81_23_63_92_43_72_28_51_69,8,0.003,1.25,0.0,0.0
genes_41_3_74_88_64_67_42_11_25_19_14_47_95_67_8_58_39_74_29_63_60_40_41_55_100_9_78_34_2_26_94_67_99,8,0.003,1.25,0.0,0.0
genes_45_92_65_23_51_81_6_30_93_86_20_83_53_60_53_28_21_28_72_10_72_29_43_90_28_78_53_17_17_84_91_10_35,8,0.003,1.25,0.0,0.0
genes_50_0_37_18_99_28_68_84_79_72_70_100_63_31_84_3_48_37_41_82_47_98_92_73_93_75_87_64_32_83_27_91_77,8,0.003,1.25,0.0,0.0
genes_53_30_94_43_51_66_29_72_58_52_39_21_8_20_9_50_61_19_61_72_61_80_13_22_83_39_3_53_9_86_29_73_11,8,0.003,1.25,0.0,0.0
genes_95_80_79_51_24_81_2_12_68_24_76_93_56_55_33_80_53_60_63_76_94_17_42_19_65_20_63_95_20_99_11_10_17,8,0.003,1.25,0.0,0.0
genes_93_84_4_31_75_89_46_63_92_27_90_68_69_65_75_69_11_59_52_42_99_77_55_76_77_19_65_96_14_3_85_89_66,8,0.003,1.25,0.0,0.0
