genes_94_0_39_32_39_15_2_47_65_63_9_83_15_79_100_81_24_41_18_59_17_56_98_79_93_87_4_33_17_79_45_52_42,8,0.125,17.5,0.1105,142.8325
genes_68_0_77_32_40_34_8_3_61_10_13_29_15_74_93_81_67_7_11_59_80_44_100_58_23_88_2_33_50_91_79_52_42,8,0.125,17.5,0.079,33.7434
genes_34_49_38_30_39_32_46_2_65_63_8_83_15_64_100_81_30_36_18_59_13_39_100_76_23_87_0_39_52_46_63_54_42,8,0.125,17.5,0.1049,128.8009
genes_94_0_38_31_41_34_2_3_22_65_8_51_15_87_100_84_28_7_14_59_14_56_91_62_86_27_25_21_57_8_54_52_42,8,0.12,17.0,0.109,191.5263
genes_41_0_45_32_39_34_2_3_61_55_17_78_17_81_93_84_64_11_19_62_11_39_99_58_18_27_2_28_52_91_42_52_84,8,0.12,17.0,0.1056,173.3885
genes_44_46_68_30_45_34_2_45_63_63_2_55_15_73_96_81_24_13_11_28_13_56_91_41_23_97_20_33_25_87_35_49_48,8,0.1163,16.625,0.1027,169.3703
genes_68_0_46_32_40_87_2_2_14_11_8_78_15_72_94_91_30_36_17_64_29_39_100_96_28_88_1_3_52_9_79_39_58,8,0.115,16.5,0.1065,187.4194
genes_41_49_51_32_39_20_46_10_61_61_14_83_10_64_100_84_68_9_18_59_13_39_98_79_23_87_0_47_17_90_40_52_42,8,0.115,16.5,0.1055,172.1487
genes_42_0_45_32_41_15_2_3_99_14_8_84_17_81_96_84_28_11_14_59_11_39_91_62_91_88_25_16_52_91_40_52_42,8,0.1149,16.375,0.1078,170.2943
genes_68_3_46_32_42_34_2_5_63_10_11_83_15_80_94_84_25_75_11_64_80_39_91_44_94_89_2_33_45_1_40_49_55,8,0.1125,16.25,0.1062,163.4213
genes_94_42_72_36_41_34_2_42_99_63_2_78_17_84_96_81_24_11_10_50_14_56_99_62_91_97_25_16_52_83_45_52_42,8,0.11,16.0,0.1054,175.292
genes_80_49_51_30_41_36_46_10_65_11_8_78_15_64_100_81_30_12_18_26_13_39_98_96_23_14_23_35_52_46_45_52_58,8,0.11,16.0,0.1035,161.23
genes_34_1_38_32_41_32_2_3_99_7_9_78_17_85_94_84_28_36_17_26_28_56_99_96_23_88_23_16_52_9_45_52_58,8,0.11,16.0,0.1075,175.1728
genes_94_0_38_32_41_15_6_3_99_14_8_51_17_81_96_84_29_11_14_59_18_56_99_62_91_88_25_16_52_48_45_55_42,8,0.11,16.0,0.1081,168.3273
genes_34_1_38_32_41_71_2_0_14_35_12_75_15_78_94_82_67_36_17_59_11_39_91_96_23_14_2_33_45_91_43_52_62,8,0.11,16.0,0.1066,133.3223
genes_34_1_38_32_41_32_7_3_14_11_10_78_12_78_94_84_67_7_10_26_29_37_91_100_94_94_3_33_45_91_40_30_42,8,0.1088,15.875,0.1084,188.9211
genes_34_0_46_32_41_93_2_0_68_55_17_78_21_78_94_81_30_10_19_26_29_39_94_58_15_14_23_35_52_9_42_0_58,8,0.1087,15.875,0.1034,170.2185
genes_94_0_38_41_41_89_57_1_99_14_8_54_17_81_100_84_59_11_14_59_17_38_99_47_96_27_27_16_45_48_40_52_42,8,0.1075,15.75,0.1052,148.0992
genes_44_46_43_37_41_34_2_42_63_30_11_78_33_80_96_81_24_11_14_28_13_39_19_41_94_100_2_16_52_83_59_42_48,8,0.1075,15.75,0.1024,158.635
genes_80_45_51_30_39_34_46_10_63_4_11_83_15_62_100_84_39_11_20_28_13_55_96_79_94_100_0_33_25_46_40_49_42,8,0.1062,15.625,0.1037,158.6619
genes_97_0_46_36_35_87_0_10_73_17_19_85_20_79_100_78_37_11_14_62_98_44_99_58_21_27_25_17_52_81_42_43_42,8,0.105,15.5,0.1079,172.6164
genes_68_0_46_32_41_87_2_3_99_10_8_51_15_47_96_78_25_11_14_64_80_44_100_62_23_88_25_17_55_1_45_52_53,8,0.105,15.5,0.1064,170.5734
genes_34_1_46_27_41_93_2_56_14_55_13_78_17_78_67_81_28_11_19_31_11_44_100_58_18_27_23_27_52_9_42_54_58,8,0.105,15.5,0.1065,180.3892
genes_77_49_51_28_39_93_2_42_64_55_14_78_17_81_63_78_28_12_19_59_13_56_99_79_18_24_0_28_17_46_63_52_42,8,0.105,15.5,0.1063,184.9036
genes_94_46_82_30_41_32_2_2_13_63_2_78_15_73_96_81_30_36_17_26_13_56_100_76_23_14_23_35_52_9_45_42_48,8,0.1037,15.375,0.1082,184.0853
genes_80_49_51_98_39_93_46_10_65_63_17_78_17_64_98_78_28_12_19_59_11_56_98_79_23_27_0_28_17_79_63_0_42,8,0.1025,15.25,0.1067,184.923
genes_29_46_72_30_37_34_46_42_65_65_14_83_15_73_96_86_24_12_18_50_13_56_98_79_26_87_25_16_16_78_59_42_48,8,0.1046,15.25,0.1068,187.6472
genes_80_49_51_32_41_17_1_10_48_63_13_83_15_79_96_81_24_12_16_30_13_54_98_79_23_40_0_33_47_46_63_44_42,8,0.1033,15.125,0.1069,182.1401
genes_40_46_72_30_41_34_2_1_16_63_2_55_10_73_100_81_24_13_14_50_13_56_77_79_23_93_25_26_45_83_59_81_48,8,0.1,15.0,0.1126,204.9295
genes_41_6_43_32_42_34_4_39_57_35_12_83_17_74_96_84_67_11_10_25_11_39_91_41_94_94_2_33_45_93_40_52_41,8,0.1,15.0,0.1002,166.5893
genes_80_49_51_30_39_20_46_5_65_63_13_78_15_70_100_77_28_12_15_58_13_56_95_100_23_87_25_33_45_5_63_43_42,8,0.1,15.0,0.1094,193.6915
genes_77_46_46_30_41_34_2_42_68_52_2_75_15_73_100_81_24_6_19_58_13_44_91_11_23_27_25_16_52_79_42_37_48,8,0.1,15.0,0.1001,169.243
genes_64_0_46_32_40_34_1_72_13_65_16_78_17_64_100_78_27_17_10_59_80_44_100_51_18_27_1_33_45_1_54_43_55,8,0.0987,14.875,0.104,178.4701
genes_45_49_72_27_39_93_10_78_68_33_13_78_17_73_96_83_67_11_95_62_14_44_10_80_25_1_23_33_52_79_40_50_42,8,0.0987,14.875,0.0987,162.2443
genes_80_49_55_30_41_20_46_10_65_63_14_83_20_64_68_84_28_12_10_59_11_56_98_79_23_94_0_33_17_91_63_52_42,8,0.0975,14.75,0.1056,180.7833
genes_77_46_69_32_41_93_1_42_13_63_2_78_14_16_56_78_24_11_19_62_7_44_99_79_18_97_25_13_49_83_42_42_48,8,0.125,14.75,0.0817,36.8794
genes_44_49_43_32_41_33_7_3_63_35_12_81_10_80_96_84_39_11_10_28_11_39_91_40_94_94_2_33_25_91_40_52_43,8,0.0975,14.75,0.1061,172.3357
genes_94_0_38_47_40_52_2_10_99_14_8_51_10_72_96_78_25_36_16_64_80_56_99_58_93_83_1_17_57_48_79_52_55,8,0.1003,14.625,0.1099,180.4452
genes_34_5_38_32_41_36_5_5_14_11_8_78_15_78_94_42_35_36_17_26_29_39_100_96_23_14_23_35_52_9_43_54_58,8,0.0962,14.625,0.1052,173.0011
genes_94_30_45_34_41_34_2_3_13_60_12_81_15_76_93_81_71_7_10_55_11_56_91_79_94_97_2_16_47_91_40_52_42,8,0.095,14.5,0.1011,163.2119
genes_44_0_43_37_41_93_2_39_68_30_11_78_17_80_96_84_28_11_14_62_11_44_99_41_18_27_2_27_25_79_42_0_42,8,0.095,14.5,0.1058,179.6484
genes_34_0_38_32_41_32_8_42_19_11_11_55_15_79_94_81_32_36_14_26_17_39_99_46_23_89_2_35_52_74_45_54_58,8,0.095,14.5,0.1013,164.9639
genes_80_0_21_32_41_17_2_3_48_63_10_83_89_73_96_81_24_11_14_31_16_56_98_62_52_40_0_31_47_46_58_43_42,8,0.1028,14.25,0.106,112.3901
genes_80_0_34_32_40_20_7_5_14_10_13_79_15_72_94_80_25_36_19_59_80_44_100_58_23_94_25_32_45_5_79_43_55,8,0.0925,14.25,0.1081,187.3579
genes_44_1_43_40_44_34_2_42_68_55_11_55_17_79_95_78_39_14_19_62_14_44_99_58_22_100_61_33_52_79_40_49_42,8,0.0925,14.25,0.0987,164.6042
genes_77_0_46_32_39_88_2_42_70_55_17_78_17_81_100_78_28_11_19_62_11_44_95_63_18_27_25_28_52_80_38_0_42,8,0.09,14.0,0.096,159.0455
genes_44_1_43_37_42_19_2_39_63_30_11_55_21_80_91_84_39_11_14_28_11_39_91_44_94_100_2_33_25_88_40_49_42,8,0.09,14.0,0.1006,162.7405
genes_76_49_45_32_44_17_7_3_66_35_12_83_89_74_96_84_24_7_10_30_6_39_91_62_48_40_2_33_47_91_54_52_42,8,0.085,13.5,0.106,112.3901
genes_94_24_41_32_41_17_2_42_13_63_2_78_89_74_96_77_24_11_14_30_16_56_100_62_23_40_0_16_47_46_59_42_42,8,0.0944,13.5,0.106,112.3901
genes_41_49_70_30_41_34_7_60_13_63_2_83_10_69_93_84_67_7_10_59_13_56_91_36_94_94_25_33_52_83_40_52_48,8,0.0838,13.375,0.101,156.7575
genes_41_0_41_32_6_34_7_3_61_35_12_83_15_81_96_78_67_10_10_59_11_39_99_46_94_93_2_28_45_91_46_52_42,8,0.1179,13.25,0.1165,115.6948
genes_68_0_46_32_41_87_2_3_14_10_14_78_89_79_94_77_25_11_21_64_16_44_98_58_23_83_0_17_68_1_79_43_42,8,0.1,13.0,0.1083,114.917
genes_80_49_51_32_39_20_2_10_65_63_14_83_89_79_96_77_24_11_16_59_16_56_97_62_23_32_0_31_17_46_63_44_42,8,0.1,13.0,0.106,112.3901
genes_80_0_41_30_39_18_2_3_64_63_14_83_89_64_100_77_28_12_16_59_13_51_98_79_23_40_0_28_13_46_58_44_42,8,0.1018,12.125,0.106,112.3901
genes_94_0_44_32_41_15_2_3_48_14_8_51_89_79_96_77_24_11_15_30_16_54_99_62_93_42_0_31_47_46_45_53_42,8,0.0875,12.0,0.106,112.3901
genes_29_1_51_32_41_32_46_2_14_63_8_83_15_78_94_81_30_32_18_64_29_39_100_79_23_14_0_35_52_46_63_52_42,8,0.0663,11.625,0.1008,125.1784
genes_68_0_46_32_10_36_2_10_14_10_13_83_20_70_94_81_25_36_10_64_80_44_96_58_23_86_1_17_45_76_79_43_55,8,0.125,11.25,0.1109,107.8879
genes_34_0_38_32_41_32_2_3_12_11_8_51_15_81_94_84_28_32_17_26_29_35_100_96_23_14_23_16_86_48_45_54_58,8,-0.0221,4.625,0.0743,30.2858
genes_94_0_0_32_40_87_2_12_99_10_14_51_17_72_94_78_28_8_14_64_14_44_100_62_92_85_0_17_53_1_45_52_55,8,0.2083,-7.5,0.0634,21.5007
genes_80_49_41_32_41_17_2_3_48_63_17_39_89_64_100_80_27_12_17_59_16_54_98_62_23_87_0_36_47_46_29_44_42,8,0.1685,-33.75,0.0905,49.7593
