genes_86_30_69_33_22_96_74_15_11_98_65_59_36_44_53_55_87_85_11_14_80_39_71_53_85_95_60_27_74_26_9_45_44,8,0.0,0.0,0.0,47.0145
genes_100_24_65_47_34_88_54_56_91_29_19_73_55_15_100_44_47_89_91_0_27_51_69_5_58_4_18_28_51_13_95_67_36,8,0.0,0.0,0.0,28.6811
genes_2_64_43_49_64_3_35_94_51_49_0_6_56_20_84_4_27_34_23_73_95_40_33_49_11_85_93_95_87_2_94_59_90,8,0.0,0.0,0.0,19.0005
genes_29_94_63_40_79_93_34_98_79_98_26_10_15_70_0_84_38_98_100_68_78_51_31_78_20_37_98_80_32_11_65_72_24,8,0.0,0.0,0.0,31.3149
genes_70_5_94_24_33_96_43_48_41_29_77_80_26_39_52_62_66_31_57_73_86_33_14_43_44_52_21_76_85_30_59_75_41,8,0.0,0.0,0.0,25.4449
genes_89_65_32_43_79_63_93_13_86_31_93_85_10_44_95_67_75_9_47_96_33_66_69_43_81_12_90_83_10_91_74_38_52,8,0.0,0.0,0.0,79.9345
genes_5_2_96_57_53_38_53_34_89_90_97_67_81_94_43_85_2_86_20_69_2_91_2_13_41_70_16_9_12_43_3_30_83,8,0.0,0.0,0.0,32.3929
genes_51_20_63_20_66_98_84_50_14_38_48_46_79_19_12_78_77_67_36_31_51_56_63_89_99_84_46_15_5_98_0_91_48,8,0.0,0.0,0.0,79.9345
genes_58_30_11_3_74_97_100_13_69_83_44_0_76_14_58_63_56_6_65_57_54_94_74_11_40_58_88_34_8_58_90_33_71,8,0.0,0.0,0.0,18.0517
genes_81_67_44_60_90_66_68_30_10_55_85_26_40_31_52_20_71_47_71_15_97_93_94_86_65_17_82_42_50_30_80_6_83,8,0.0,0.0,0.0,36.6423
genes_38_7_97_62_47_6_16_78_47_19_57_86_54_85_57_0_53_62_68_81_5_91_31_15_41_64_68_44_78_6_22_70_36,8,0.0,0.0,0.0,38.5811
genes_90_81_26_12_5_67_72_96_12_66_81_86_26_26_88_85_51_46_14_58_93_87_62_39_38_14_96_74_99_1_80_19_49,8,0.0,0.0,0.0,79.9345
genes_52_13_2_100_46_54_4_17_18_52_22_15_67_41_19_5_33_69_35_85_34_29_39_89_1_21_25_69_49_64_38_44_23,8,0.0,0.0,0.0,41.6503
genes_99_80_6_77_28_50_88_54_12_34_99_71_79_32_66_82_1_12_38_31_95_76_99_59_31_1_30_23_64_2_54_98_0,8,0.0,0.0,0.0,57.6248
genes_52_82_23_32_82_2_65_74_8_75_66_53_70_29_59_100_36_96_73_65_28_57_34_52_50_99_41_92_78_72_18_96_32,8,0.0,0.0,0.0,41.9389
genes_55_47_17_55_42_34_70_46_72_13_8_31_58_84_6_8_33_8_24_36_43_87_96_54_75_95_28_84_81_17_26_8_81,8,0.0,0.0,0.0,50.6502
genes_67_56_93_11_13_37_48_81_94_56_66_47_22_46_41_62_92_72_49_61_24_79_58_95_43_59_74_68_98_70_6_53_97,8,0.0,0.0,0.0,51.2163
genes_51_38_73_73_53_7_46_25_66_23_52_37_11_32_20_96_49_94_50_1_78_20_48_46_89_65_29_13_37_31_88_16_75,8,0.0,0.0,0.0,16.7139
genes_77_37_97_68_36_37_3_16_65_91_39_35_39_15_88_28_62_85_52_62_37_69_81_81_23_99_91_73_6_76_64_25_56,8,0.0,0.0,0.0,29.6021
genes_70_62_41_37_15_22_42_73_75_35_16_58_89_7_52_16_55_33_100_53_17_5_71_45_54_12_46_68_69_10_34_97_30,8,0.0,0.0,0.0,42.0125
genes_8_50_10_55_16_64_33_31_3_20_6_51_92_74_72_56_5_66_81_91_30_8_77_30_68_18_27_37_35_95_13_45_22,8,0.0,0.0,0.0,46.454
genes_67_46_47_51_19_61_75_45_42_49_22_34_93_43_86_55_100_71_67_54_19_69_40_66_46_42_34_80_61_98_25_44_53,8,0.0,0.0,0.0,50.1034
genes_9_45_24_11_62_24_7_65_38_38_67_88_96_69_59_24_87_78_6_85_30_93_66_66_31_8_5_46_77_98_10_47_69,8,0.0,0.0,0.0,58.9143
genes_68_61_37_45_62_65_82_39_47_60_17_85_74_63_24_73_63_5_7_77_19_10_91_44_6_53_12_49_36_2_35_27_93,8,0.0,0.0,0.0,37.5186
genes_100_66_24_62_94_23_63_67_12_58_19_87_62_37_65_2_57_20_93_56_73_77_76_23_12_99_12_9_19_99_21_1_64,8,0.0,0.0,0.0,79.9345
genes_10_37_71_13_38_37_14_98_25_98_27_2_7_61_77_0_92_65_44_31_42_84_87_45_1_48_62_53_62_61_6_51_71,8,0.0,0.0,0.0,44.5941
genes_12_40_76_4_54_65_86_89_50_93_18_27_95_52_64_17_59_9_14_18_16_89_64_32_45_63_98_8_25_48_12_41_100,8,0.0,0.0,0.0,57.9761
genes_85_65_83_32_70_49_35_27_2_63_65_50_16_18_95_86_23_93_15_85_88_37_42_20_89_80_13_15_100_77_89_83_37,8,0.0,0.0,0.0,46.4357
genes_54_65_95_76_87_10_35_12_70_5_74_39_11_8_1_96_52_96_8_0_70_24_10_96_43_90_97_77_68_11_95_3_92,8,0.0,0.0,0.0,19.0775
genes_80_88_74_31_100_40_13_15_66_96_81_93_21_91_10_24_20_9_60_94_26_55_1_31_91_87_73_15_32_44_99_11_32,8,0.0,0.0,0.0,35.5983
genes_90_47_35_69_73_19_70_50_66_5_5_5_38_22_0_52_74_27_26_41_61_59_42_14_55_36_84_53_14_27_52_60_19,8,0.0,0.0,0.0,19.7263
genes_67_7_96_65_10_40_66_70_61_0_74_78_17_40_80_43_72_53_69_34_61_4_13_9_88_50_27_28_12_30_0_84_60,8,0.0,0.0,0.0,79.9345
genes_45_84_84_27_37_50_69_95_2_96_10_79_51_16_35_12_43_11_19_82_15_81_12_3_49_10_7_20_9_26_93_99_51,8,0.0,0.0,0.0,25.2758
genes_34_61_29_95_83_63_81_20_35_26_53_43_93_80_49_64_4_45_40_6_30_93_55_37_41_8_92_30_24_100_22_94_26,8,0.0,0.0,0.0,43.1789
genes_18_0_75_84_62_90_64_30_40_53_68_50_90_50_10_25_57_65_23_43_17_91_30_85_88_51_91_2_83_0_51_94_71,8,0.0,0.0,0.0,54.9454
genes_23_79_11_3_96_52_4_80_86_2_10_30_53_32_43_8_70_65_54_48_32_16_19_6_49_65_14_72_22_87_55_49_10,8,0.0,0.0,0.0,25.0029
genes_1_26_83_97_44_28_31_9_14_4_33_94_57_28_42_59_56_17_63_95_36_15_31_8_65_42_82_61_39_64_6_18_32,8,0.0,0.0,0.0,45.695
genes_22_55_93_35_69_7_0_84_97_72_90_2_34_74_30_46_31_93_95_82_88_14_85_97_29_93_80_5_17_73_12_6_65,8,0.0,0.0,0.0,18.035
genes_77_57_11_55_36_50_48_58_48_68_15_61_70_5_24_48_52_51_5_47_66_6_70_26_51_30_20_36_53_45_2_35_6,8,0.0,0.0,0.0,79.9345
genes_93_48_73_46_31_89_41_73_61_55_74_46_36_100_51_59_29_43_60_29_70_19_47_3_22_89_99_87_88_78_2_49_39,8,0.0,0.0,0.0,79.9345
genes_41_99_3_97_42_64_67_10_72_63_80_28_62_82_11_19_83_10_36_89_96_77_79_1_1_68_22_75_45_97_69_97_48,8,0.0,0.0,0.0,22.6213
genes_50_88_31_92_77_18_2_92_48_11_32_32_99_12_80_73_25_96_97_0_25_66_93_25_59_67_35_26_63_69_49_58_57,8,0.0,0.0,0.0,79.9345
genes_64_25_80_70_91_94_25_4_44_49_33_20_73_95_28_20_63_29_82_85_92_96_86_44_59_100_86_85_30_1_95_83_33,8,0.0,0.0,0.0,22.0654
genes_99_46_68_33_27_64_60_88_63_44_49_14_79_36_89_39_50_59_23_9_27_42_93_92_11_23_26_28_25_23_73_82_54,8,0.0,0.0,0.0,47.7156
genes_74_35_65_2_1_58_99_45_6_72_79_37_35_23_26_82_81_78_51_61_40_45_34_98_99_74_75_41_41_97_41_34_38,8,0.0,0.0,0.0,79.9345
genes_68_33_12_40_91_77_92_72_74_77_3_44_18_37_23_49_79_77_41_45_16_29_25_18_52_2_75_21_43_95_65_57_47,8,0.0,0.0,0.0,21.0522
genes_43_61_18_58_88_87_60_32_81_96_26_77_16_73_86_50_85_20_95_38_74_62_20_80_60_2_83_26_14_71_76_22_1,8,0.0,0.0,0.0,30.0226
genes_88_76_93_89_22_13_58_37_8_59_72_35_53_40_40_73_79_28_17_78_95_63_88_61_43_38_54_34_79_92_93_32_7,8,0.0,0.0,0.0,22.0737
genes_12_29_48_92_24_98_77_100_71_0_1_65_61_60_62_34_48_47_27_61_54_38_98_18_21_75_34_72_49_55_87_4_52,8,0.0,0.0,0.0,24.2808
genes_81_75_98_59_28_42_15_70_79_30_30_13_75_70_34_100_28_80_56_78_58_58_50_50_99_99_66_83_46_99_45_94_92,8,0.0,0.0,0.0,37.953
genes_84_14_10_74_89_37_89_1_2_76_1_31_39_80_0_33_99_62_27_73_64_23_49_74_3_17_85_63_75_2_56_69_63,8,0.0,0.0,0.0,22.4435
genes_78_81_8_17_19_21_94_11_85_68_94_6_95_40_13_38_70_67_96_69_88_40_39_64_60_34_91_0_12_85_81_95_15,8,0.0,0.0,0.0,43.4788
genes_20_34_100_56_96_17_5_7_7_79_82_77_28_80_64_60_37_42_85_52_88_9_27_23_74_95_100_17_5_81_72_98_7,8,0.0,0.0,0.0,79.9345
genes_49_72_52_19_34_57_47_12_83_66_31_79_85_25_30_53_78_64_64_85_14_27_83_71_91_82_54_61_57_52_19_26_13,8,0.0,0.0,0.0,47.7084
genes_32_94_35_63_91_5_25_13_33_58_0_13_25_70_70_3_77_97_26_84_17_14_28_72_36_72_80_12_6_69_89_19_59,8,0.0,0.0,0.0,15.1878
genes_38_74_36_75_19_100_17_68_24_41_52_35_38_45_93_3_80_99_78_83_91_25_86_49_75_95_92_10_49_86_83_28_96,8,0.0,0.0,0.0,38.7508
genes_15_30_16_26_55_1_38_16_31_25_34_28_84_56_43_41_83_10_97_53_19_36_36_1_100_56_64_41_72_98_37_48_16,8,0.0,0.0,0.0,48.1769
genes_91_92_90_10_35_26_33_86_3_41_80_14_86_77_6_18_54_49_95_67_74_100_51_9_90_92_49_75_15_28_12_3_57,8,0.0,0.0,0.0,58.3754
genes_93_45_54_93_100_32_29_18_8_58_68_88_53_68_86_83_82_19_79_50_61_56_98_66_63_39_57_28_26_0_19_48_7,8,0.0,0.0,0.0,79.9345
genes_69_0_19_62_54_49_57_92_11_1_79_1_72_82_2_12_89_10_100_19_8_43_84_14_33_62_6_93_15_45_69_25_99,8,0.0,0.0,0.0,29.0362
genes_71_14_2_4_43_48_56_47_57_39_33_60_71_6_98_63_31_6_50_14_2_37_9_51_78_39_97_34_12_86_94_81_63,8,0.0,0.0,0.0,79.9345
genes_50_55_4_29_25_70_47_57_11_19_64_15_22_73_12_96_25_39_95_81_87_67_24_42_32_15_68_7_4_99_72_91_86,8,0.0,0.0,0.0,18.8533
genes_26_75_11_49_6_81_47_75_85_55_24_75_65_65_19_97_20_76_18_92_97_92_54_29_61_0_32_10_42_95_98_80_78,8,0.0,0.0,0.0,79.9345
genes_66_92_65_51_38_49_66_79_91_52_99_94_52_17_82_26_3_69_0_46_84_38_20_43_64_14_41_10_89_23_39_72_53,8,0.0,0.0,0.0,29.8331
genes_34_88_8_66_0_44_87_39_8_54_84_37_1_28_13_7_76_30_17_90_74_81_4_50_44_54_82_94_37_77_88_87_19,8,0.0,0.0,0.0,79.9345
genes_92_36_5_70_15_50_94_73_45_34_39_85_9_88_67_22_53_9_61_91_11_99_12_75_2_23_80_71_82_37_64_78_9,8,0.0,0.0,0.0,79.9345
genes_10_60_51_56_17_40_92_21_29_81_42_17_83_39_88_48_5_14_79_96_0_60_40_31_74_84_6_1_99_50_20_71_35,8,0.0,0.0,0.0,47.492
genes_25_52_51_41_30_79_88_79_95_16_28_68_58_76_17_95_11_100_22_9_17_17_54_1_50_92_51_16_92_55_51_42_76,8,0.0,0.0,0.0,64.2626
genes_0_92_60_86_72_36_1_93_38_77_23_24_53_71_24_39_68_4_1_8_28_56_1_78_60_43_50_71_9_88_61_62_19,8,0.0,0.0,0.0,29.4555
genes_22_74_59_6_49_51_30_3_51_62_85_21_18_72_6_26_4_49_4_51_51_71_31_12_76_53_73_11_48_86_30_28_30,8,0.0,0.0,0.0,81.8972
genes_88_27_11_48_26_34_59_40_94_80_92_14_79_1_73_48_60_8_8_30_31_81_84_70_8_61_93_62_63_82_21_45_34,8,0.0,0.0,0.0,35.9625
genes_55_62_82_96_21_63_67_65_70_42_91_3_36_26_8_49_59_78_66_74_83_50_82_12_76_77_97_63_94_21_54_93_33,8,0.0,0.0,0.0,20.3225
genes_82_63_51_95_82_55_34_58_97_62_67_72_87_73_88_10_44_75_100_59_17_84_45_81_32_86_80_23_20_63_93_74_13,8,0.0,0.0,0.0,57.2541
genes_82_56_56_62_0_82_41_18_83_30_65_58_52_75_30_22_91_13_12_43_65_64_76_76_80_36_52_28_1_27_99_57_6,8,0.0,0.0,0.0,79.9345
genes_21_98_12_30_26_83_59_57_26_75_88_33_9_96_49_82_57_30_90_88_53_32_21_5_72_63_94_84_33_62_90_77_3,8,0.0,0.0,0.0,17.5355
genes_86_88_78_38_86_88_89_29_85_84_21_67_92_13_65_88_67_95_31_57_9_21_15_32_44_70_14_79_67_58_7_67_84,8,0.0,0.0,0.0,46.0037
genes_32_75_46_60_100_94_21_31_51_32_54_16_79_72_77_41_44_21_17_20_92_47_8_28_10_4_43_59_30_56_42_82_74,8,0.0,0.0,0.0,18.3391
genes_66_96_38_59_12_88_7_46_1_21_70_93_21_41_66_12_11_88_79_26_35_100_16_47_25_36_95_36_25_59_17_77_59,8,0.0,0.0,0.0,79.9345
genes_11_34_85_72_78_31_58_25_33_3_51_34_80_56_14_12_27_29_62_43_97_46_81_24_66_68_53_16_17_88_88_86_29,8,0.0,0.0,0.0,18.8026
genes_32_17_28_86_57_38_11_5_1_48_22_32_45_48_34_14_79_7_54_74_1_56_63_27_44_29_77_0_53_7_39_9_85,8,0.0,0.0,0.0,24.6578
genes_34_22_51_58_0_13_37_95_75_95_70_9_90_92_88_57_32_88_58_62_5_35_83_69_42_27_1_52_1_31_19_99_74,8,0.0,0.0,0.0,79.9345
genes_90_21_30_81_38_11_92_91_100_89_6_66_67_60_65_31_13_64_54_5_41_87_91_40_81_13_41_64_73_84_25_12_68,8,0.0,0.0,0.0,49.9739
genes_74_85_99_74_12_49_74_83_79_16_46_39_64_21_14_83_55_3_32_0_70_93_31_24_8_15_30_87_13_24_68_52_1,8,0.0,0.0,0.0,46.5433
genes_77_86_70_42_8_16_4_38_74_98_43_40_39_35_49_14_95_0_54_78_63_91_83_15_25_15_2_31_86_55_41_49_98,8,0.0,0.0,0.0,79.9345
genes_86_75_54_90_39_41_97_23_62_43_22_40_65_73_37_46_48_14_35_68_81_5_28_24_89_8_54_2_99_5_22_65_26,8,0.0,0.0,0.0,42.4465
genes_43_68_61_19_54_0_57_15_66_86_1_27_37_5_23_20_25_83_26_88_0_22_4_81_86_44_22_69_35_91_20_46_62,8,0.0,0.0,0.0,42.9736
genes_70_5_55_3_22_54_53_22_97_95_31_74_9_1_83_42_31_1_79_50_48_50_89_25_67_95_23_5_85_13_76_96_32,8,0.0,0.0,0.0,71.114
genes_65_3_74_74_24_8_67_61_82_0_36_65_32_47_37_64_65_47_29_63_33_42_40_12_15_20_33_12_77_53_21_3_10,8,0.0,0.0,0.0,36.719
genes_53_65_54_36_49_2_15_9_7_49_7_62_81_5_42_97_3_65_98_88_30_81_1_59_1_89_66_97_83_20_71_22_46,8,0.0,0.0,0.0,45.8245
genes_100_89_91_57_96_9_78_85_45_89_90_71_56_63_90_96_72_25_22_68_87_32_83_71_25_53_30_29_60_64_59_84_37,8,0.0,0.0,0.0,79.9345
genes_47_95_16_13_41_91_23_45_9_14_98_39_79_4_51_6_25_75_61_11_73_81_17_93_88_41_81_100_19_3_82_74_58,8,0.0,0.0,0.0,21.3229
genes_71_66_1_84_68_50_75_43_42_62_6_66_9_62_77_45_26_64_30_99_43_41_66_57_61_84_69_52_86_63_11_52_99,8,0.0,0.0,0.0,79.9345
genes_38_36_72_90_18_99_97_89_85_52_90_100_34_93_89_62_79_80_95_50_97_95_47_60_31_5_19_22_40_26_49_79_89,8,0.0,0.0,0.0,79.9345
genes_35_90_18_10_12_35_100_8_10_21_31_17_60_85_24_36_86_60_27_12_82_22_55_23_96_67_3_7_87_26_82_64_61,8,0.0,0.0,0.0,22.9338
genes_34_16_71_6_0_10_31_53_98_75_49_34_74_85_16_66_74_14_28_27_1_66_50_3_74_52_61_83_50_54_88_40_54,8,0.0,0.0,0.0,79.9345
genes_36_97_78_47_89_19_83_28_83_6_34_66_57_43_68_54_99_38_50_37_72_60_52_72_4_15_26_37_72_64_16_31_88,8,0.0,0.0,0.0,35.3285
genes_34_75_25_66_13_41_95_4_23_59_41_27_87_6_71_40_1_44_11_90_67_59_24_20_85_33_67_71_8_82_55_39_28,8,0.0,0.0,0.0,45.0694
genes_6_32_78_25_27_24_15_26_63_51_84_68_16_10_50_33_100_98_61_27_50_88_57_90_13_53_25_82_59_1_17_65_32,8,0.0,0.0,0.0,18.0089
genes_36_89_73_100_76_39_52_31_65_64_45_71_60_7_76_34_70_100_61_90_51_58_85_2_83_45_23_74_41_44_79_4_87,8,0.0,0.0,0.0,79.9345
genes_5_57_27_45_62_67_46_81_90_4_36_34_5_28_29_33_20_46_96_21_41_69_1_19_73_44_62_100_17_14_23_92_11,8,0.0,0.0,0.0,28.2149
