Genes,GamesPlayed,RelativeUtility,AbsoluteUtility
genes_79_86_72_44_93_0_32_35_81_44_58_94_29_82_89_63_90_73_53_31_50_31_36_51_90_25_51_99_21_40_80_18_76_68_20_65_9_87_13_6_15_45_93_24_15_36_40_88_7_44_93_18_88_46_80_9_56_70_51_92_24_18_39_85_38_70_6_16_25_69_54_36_81_28_27_8_8_100_100_36_81_93_89_65_43_32_3_7_46_45_78_68_44_52_78_31_39_49_22,2,0.0,5.0
genes_87_98_72_29_21_85_37_40_0_54_72_30_8_82_34_5_87_35_37_60_19_48_57_25_44_31_40_40_59_84_74_95_64_55_92_58_22_22_16_66_2_50_97_85_32_70_85_16_84_42_2_2_20_53_85_77_4_76_49_73_39_34_23_63_80_2_18_38_62_46_48_63_60_31_68_38_9_25_14_18_51_61_41_13_41_20_84_48_21_22_7_92_29_94_50_14_6_93_34,1,0.0,5.0
genes_57_89_67_98_21_18_72_23_80_80_72_95_48_61_89_31_76_24_20_38_20_15_42_49_54_27_8_6_58_93_89_53_75_61_68_58_91_96_70_6_15_46_76_85_88_63_38_51_63_31_91_51_34_78_41_74_29_35_54_66_37_49_34_73_50_52_55_59_79_0_78_50_84_27_53_38_74_95_20_38_88_61_39_13_5_22_22_30_67_37_89_92_94_18_37_21_11_64_79,1,0.0,5.0
genes_57_18_18_29_21_89_31_63_4_2_72_91_48_20_22_5_83_25_20_4_82_15_28_15_60_33_8_9_64_95_95_95_66_7_20_58_70_30_50_12_15_46_79_85_65_29_38_6_60_64_91_66_24_78_53_74_55_20_58_92_39_49_92_86_82_14_26_59_79_0_49_4_84_27_59_40_81_21_60_21_31_64_82_20_5_2_22_33_67_37_7_96_37_40_79_21_7_95_100,2,0.0,5.0
genes_37_87_49_9_8_8_3_32_9_40_58_24_95_21_32_78_23_72_20_93_55_51_11_73_100_61_12_42_53_94_31_14_9_65_20_81_37_49_77_12_21_50_0_31_49_72_37_6_68_71_90_4_28_70_38_7_55_22_60_47_74_39_40_47_52_1_17_91_99_93_79_50_14_47_27_25_75_3_1_29_88_57_70_100_39_94_83_28_42_36_7_88_27_18_79_22_77_79_31,2,0.0,5.0
genes_41_81_0_40_17_83_68_35_83_63_89_94_9_20_93_30_92_73_56_31_33_63_45_23_81_58_51_38_25_40_56_18_89_66_20_60_9_12_83_6_22_46_85_20_5_56_82_59_86_42_22_66_30_16_80_2_5_23_57_40_39_36_27_49_57_12_8_32_19_89_39_26_72_28_51_7_8_92_23_26_96_24_47_13_65_43_3_44_7_81_56_61_31_17_19_38_62_54_100,2,0.0,5.0
genes_34_92_18_9_7_79_28_32_93_17_57_83_50_24_16_14_24_19_89_29_27_15_46_42_100_61_8_44_58_93_78_19_79_7_97_85_62_49_50_12_15_39_68_67_70_81_40_16_85_56_68_4_95_90_40_9_9_22_42_76_37_94_43_53_52_70_17_54_25_59_84_83_84_26_96_69_86_73_12_38_31_11_45_14_77_23_0_35_25_36_10_85_32_15_55_38_81_72_41,1,0.0,5.0
genes_79_70_3_29_10_88_100_35_78_66_33_36_76_71_63_14_83_72_14_46_80_25_51_37_16_57_89_10_58_33_91_51_16_20_35_69_46_64_77_14_52_50_66_25_76_81_42_57_98_40_100_66_98_59_10_29_4_12_24_62_34_24_29_89_75_49_56_74_24_2_30_66_74_31_89_9_90_36_1_100_34_93_88_15_62_31_79_7_46_32_83_97_19_18_47_14_62_99_26,2,0.0,5.0
genes_18_94_11_42_20_85_27_68_78_29_58_95_55_26_92_85_25_23_37_93_48_94_50_77_16_27_37_9_38_94_74_51_76_20_36_65_86_83_80_81_15_45_41_40_32_23_41_12_9_28_98_31_28_81_36_8_75_90_53_64_35_53_34_38_75_45_17_33_24_60_74_34_75_82_51_83_79_25_58_14_6_93_81_13_47_29_22_11_67_32_7_31_34_12_76_70_7_53_69,1,0.0,5.0
genes_37_44_18_29_17_83_37_11_90_39_90_94_63_94_12_5_83_20_56_87_96_47_3_14_85_32_40_2_40_58_88_77_77_20_91_100_74_20_74_81_30_73_67_67_7_70_42_88_92_55_97_51_43_51_77_9_73_71_23_92_38_39_23_50_55_14_8_54_22_49_37_59_75_92_66_89_8_73_22_1_25_2_36_5_63_29_29_36_23_36_81_22_74_84_45_29_56_69_27,1,0.0,5.0
genes_84_87_44_29_6_37_72_63_92_58_33_95_88_20_89_10_83_27_65_63_82_15_20_77_59_33_3_9_69_34_86_95_56_61_79_50_42_64_80_6_14_46_90_81_4_51_37_16_38_28_7_71_86_16_40_96_4_35_49_92_36_82_42_31_86_24_17_77_53_38_33_63_75_12_4_81_79_92_18_26_6_10_25_3_58_88_55_7_67_20_83_94_28_13_55_15_9_53_29,1,0.0,5.0
genes_91_91_2_32_45_7_38_12_26_46_52_98_94_20_29_27_84_84_68_35_7_49_35_59_90_54_28_64_62_98_31_47_73_92_36_99_27_65_2_6_87_43_41_27_32_23_88_11_93_85_33_66_27_81_31_69_42_90_48_47_8_91_28_35_53_19_48_18_13_85_51_37_71_3_51_74_80_97_11_29_34_74_81_64_42_29_30_33_10_37_2_75_35_10_71_29_77_20_71,1,0.0,5.0
genes_79_90_25_98_10_9_72_24_82_66_30_36_48_27_18_14_76_71_14_38_27_19_51_49_98_60_89_43_7_68_93_53_75_61_68_67_91_64_70_10_58_50_53_11_88_63_33_3_99_40_97_44_30_51_77_94_4_35_58_63_37_49_33_49_37_54_61_74_56_45_51_88_90_31_12_54_74_95_16_100_29_13_94_13_65_30_79_30_0_37_83_22_54_94_37_2_62_78_79,1,0.0,5.0
genes_41_81_72_40_50_83_68_31_83_94_72_79_8_27_93_30_92_73_57_94_26_19_11_99_83_8_8_41_21_1_56_18_89_66_23_41_6_69_77_48_17_46_43_24_32_3_43_59_21_69_22_18_88_59_80_7_14_71_57_76_29_35_27_35_24_34_13_61_24_33_89_13_54_27_76_7_77_39_3_7_34_92_89_13_79_43_3_38_7_81_85_57_34_19_49_22_94_0_39,1,0.0,5.0
genes_32_91_97_42_6_10_26_8_89_8_58_94_50_73_89_5_83_68_68_46_82_36_19_97_59_36_3_7_69_98_90_73_89_65_36_99_59_65_2_66_14_46_38_25_32_26_38_18_88_95_7_64_25_49_31_59_41_90_48_44_8_80_36_31_52_19_18_20_13_46_50_9_75_3_77_13_8_97_11_29_14_10_81_24_78_88_56_28_22_32_57_96_77_14_60_33_9_69_29,1,0.0,5.0
genes_33_87_49_29_21_85_27_31_0_54_72_34_12_23_32_0_79_35_42_46_51_82_55_44_15_27_99_9_58_41_90_95_62_55_91_84_24_82_80_66_28_46_100_85_32_22_37_16_35_49_58_60_59_49_75_2_2_62_67_47_35_34_28_47_45_2_18_61_95_98_52_33_61_24_23_38_9_25_14_29_31_69_75_8_6_26_84_7_10_22_7_92_77_94_78_62_3_13_27,1,0.0,5.0
genes_31_86_72_29_35_18_72_63_92_68_73_23_48_35_20_5_81_19_20_46_82_19_42_96_17_27_3_17_69_31_95_73_66_16_79_58_42_4_81_12_14_46_38_81_61_68_38_13_93_55_40_36_86_78_75_5_4_20_12_66_39_12_34_70_82_1_26_59_53_0_49_83_78_97_4_81_8_25_85_26_14_10_39_32_78_26_22_30_67_83_83_92_28_14_57_15_9_17_73,2,0.0,5.0
genes_24_1_44_9_28_83_34_32_93_54_6_89_67_2_22_7_72_76_61_23_5_78_28_99_12_65_51_99_62_36_82_47_6_58_38_47_9_64_69_47_17_42_75_34_77_70_40_93_93_49_42_38_27_44_38_4_4_7_50_13_25_86_27_40_24_64_6_30_20_94_78_47_12_26_33_42_75_100_18_29_23_7_23_64_38_42_29_45_42_62_85_94_28_84_18_29_86_50_34,1,0.0,5.0
genes_98_6_5_62_23_79_54_71_73_54_60_34_57_61_93_0_83_20_53_87_26_34_3_42_96_29_3_38_53_38_8_95_76_94_32_59_23_84_8_5_57_90_48_31_5_70_72_93_93_23_74_9_24_55_80_78_8_64_73_92_42_86_23_35_43_46_2_55_28_43_82_33_66_29_11_41_84_95_13_100_16_92_90_61_73_26_0_33_11_86_69_18_94_3_71_70_81_22_40,1,0.0,5.0
genes_25_27_88_9_23_84_28_34_95_52_72_24_79_21_15_11_87_70_20_43_23_46_0_42_61_66_2_14_21_93_87_14_82_62_100_85_42_69_77_25_21_47_97_49_32_26_87_87_51_42_90_61_28_78_40_76_55_64_92_66_71_48_40_86_54_57_0_55_79_89_37_40_24_27_21_41_76_92_35_18_59_87_93_100_58_98_83_28_42_21_7_83_37_18_50_70_33_0_40,2,0.0,5.0
genes_31_87_49_43_11_83_27_32_92_54_75_93_94_22_70_0_82_16_14_46_82_82_55_99_97_33_95_92_58_36_31_6_89_60_43_89_9_68_75_12_1_92_64_22_62_22_44_10_88_49_58_60_61_49_44_2_10_18_63_66_36_45_93_93_47_66_17_33_95_98_51_33_3_31_100_71_12_99_70_29_31_89_23_11_6_26_48_37_23_86_7_39_77_12_70_10_9_96_23,2,0.0,5.0
genes_18_52_82_66_50_5_63_31_82_71_85_18_48_77_89_75_87_20_57_93_83_26_10_18_100_28_31_42_9_93_51_15_75_29_89_100_9_87_88_48_62_54_61_31_83_65_68_10_63_40_23_36_28_38_40_56_77_64_54_5_40_24_27_37_24_51_8_54_25_58_39_35_77_53_27_89_82_84_15_100_41_11_82_21_83_63_34_65_7_16_42_61_39_25_79_71_4_95_38,1,0.0,5.0
genes_47_82_4_10_9_37_35_40_81_54_58_32_33_71_15_0_80_70_14_23_32_22_41_13_70_33_0_9_38_97_75_21_74_30_8_66_26_38_82_6_13_100_92_24_40_63_80_18_92_56_57_36_26_31_78_88_44_23_62_92_8_18_39_86_75_69_9_20_26_43_47_68_5_88_12_40_80_93_5_14_29_91_88_69_82_63_79_36_10_37_0_50_44_14_26_15_9_45_16,1,0.0,5.0
genes_25_89_43_8_85_93_32_65_64_32_57_34_79_21_63_10_65_35_20_30_55_46_50_42_44_35_11_14_53_93_95_16_82_65_19_81_37_86_77_8_21_43_97_31_32_72_87_57_93_57_90_4_95_56_72_13_77_75_57_66_71_48_26_86_53_70_0_33_79_59_74_52_77_27_36_23_75_89_96_14_86_92_93_100_62_29_83_37_38_37_38_88_34_18_35_20_3_40_71,2,0.0,5.0
genes_21_81_1_49_15_4_29_68_28_37_53_83_68_90_22_47_25_15_59_93_27_87_29_94_59_61_13_94_38_84_74_47_76_29_45_57_44_69_14_10_17_50_65_25_52_81_88_1_9_95_2_61_25_38_82_13_75_90_92_92_24_83_27_38_52_45_63_44_26_89_37_50_75_85_22_83_8_92_30_40_22_93_45_24_79_19_79_11_21_32_0_31_34_14_76_70_0_69_35,3,0.0,5.0
genes_37_59_10_45_17_83_27_8_28_14_57_32_63_94_92_4_32_76_14_93_96_21_4_91_59_28_13_2_38_94_88_47_77_64_36_98_47_92_77_69_13_50_54_25_7_70_42_12_9_55_97_67_30_51_36_9_73_71_92_44_11_51_23_38_100_14_7_54_17_89_37_75_0_92_16_42_8_5_22_40_25_93_36_21_63_26_79_38_23_32_81_31_11_12_76_70_6_69_27,1,0.0,5.0
genes_37_0_4_43_5_83_30_70_1_21_54_89_23_94_19_76_28_76_14_35_96_19_41_91_57_42_41_2_16_94_88_6_9_63_35_98_42_73_74_65_13_48_67_27_11_69_88_88_92_53_97_70_30_51_77_9_2_39_23_96_10_52_94_50_39_8_17_61_49_98_80_67_61_23_32_42_75_82_20_38_25_13_82_21_63_26_40_38_23_62_81_97_11_18_29_57_6_0_27,1,0.0,5.0
genes_15_70_23_29_89_85_72_38_26_68_52_93_48_20_22_5_83_19_95_63_20_49_42_59_59_27_8_64_63_90_31_28_66_97_70_59_27_92_64_24_0_43_80_27_65_65_72_6_93_82_37_66_32_39_11_74_7_20_48_65_39_49_39_35_82_1_48_36_28_0_49_50_84_27_51_73_86_25_0_11_34_92_39_64_43_26_22_38_14_37_2_92_27_22_57_34_7_76_100,1,0.0,5.0
genes_95_54_88_9_21_84_28_38_95_52_72_27_39_91_16_4_31_19_59_48_20_45_3_91_96_25_3_9_11_94_88_14_77_11_40_98_42_49_0_69_16_73_97_31_32_70_36_88_92_53_97_4_32_51_50_9_73_64_23_88_9_52_0_86_52_1_4_54_22_43_37_50_0_92_35_42_8_92_22_76_88_10_79_21_63_26_95_38_28_1_81_88_11_12_71_74_68_0_25,3,0.0,5.0
genes_79_52_25_40_50_83_68_31_81_71_85_94_6_86_90_30_87_73_57_86_47_19_11_99_69_6_55_6_26_40_56_18_74_66_89_62_9_89_83_48_62_44_81_20_66_65_73_59_97_90_22_31_88_60_80_2_80_23_57_5_29_36_27_42_24_1_8_48_25_58_39_26_76_58_27_89_8_55_22_26_41_24_89_13_83_43_79_65_6_82_85_60_34_64_14_69_94_0_59,2,0.0,5.0
genes_18_74_19_9_50_0_73_34_8_21_25_85_9_59_18_14_83_20_32_38_86_18_59_45_59_29_51_43_8_82_86_23_89_5_34_100_42_87_8_44_36_49_97_24_68_66_73_21_99_59_91_36_22_60_40_9_29_61_58_66_8_52_45_23_12_8_67_51_65_0_76_24_80_27_76_87_89_90_20_56_19_13_88_21_82_18_95_41_10_37_7_88_34_14_75_34_86_80_31,3,0.0,5.0
genes_37_81_5_48_15_4_54_35_73_66_23_93_68_73_22_20_87_56_49_46_93_26_28_99_78_29_0_40_95_85_81_45_76_58_32_64_44_69_14_6_17_39_65_71_52_70_42_93_39_32_2_5_28_47_82_13_68_70_50_92_29_86_23_35_75_46_63_33_26_91_78_33_100_31_22_41_86_60_35_100_86_59_37_64_79_22_93_35_21_86_0_61_34_84_39_70_86_93_34,3,0.0,5.0
genes_79_3_74_49_10_87_30_35_31_46_33_94_94_71_16_14_79_20_98_28_49_47_47_40_99_42_95_96_11_68_81_47_90_58_19_65_46_69_27_16_58_100_76_47_77_38_28_58_95_40_11_9_54_50_77_78_5_14_24_96_37_85_29_21_50_72_61_61_26_98_16_35_60_26_33_9_79_36_16_3_25_70_23_29_39_52_79_35_0_32_83_22_35_12_24_62_62_99_22,1,0.0,5.0
genes_87_52_25_9_50_85_37_31_0_71_85_34_8_20_22_75_87_35_57_60_47_31_41_25_59_27_38_9_95_93_56_18_74_12_85_62_9_87_83_48_62_44_81_31_32_27_70_16_97_28_40_31_88_64_75_51_79_64_42_5_39_34_27_37_82_2_4_48_25_53_39_35_11_58_23_89_61_59_65_100_51_97_84_13_38_26_79_65_16_82_83_63_45_75_71_14_3_53_71,3,0.0,5.0
genes_41_81_18_40_50_88_31_31_81_46_85_94_50_20_93_30_44_25_84_31_82_82_11_15_60_33_91_46_21_40_56_18_74_33_89_66_72_30_50_48_19_39_78_20_70_29_73_59_20_63_22_18_24_60_44_8_92_33_58_3_13_33_92_47_41_21_67_61_79_92_87_4_76_28_56_69_81_84_26_21_31_24_89_11_79_2_3_38_7_91_85_61_37_40_18_57_7_0_39,1,0.0,5.0
genes_53_70_30_48_70_8_95_32_78_69_85_32_23_61_22_70_25_23_14_36_36_29_50_77_100_33_13_87_58_33_91_47_16_20_100_65_11_83_80_70_15_87_20_25_76_25_38_15_93_56_100_66_28_56_10_3_11_39_55_90_78_85_51_89_75_5_52_60_24_2_79_66_77_27_76_89_87_100_0_41_79_53_93_21_54_17_78_38_46_83_7_97_22_18_70_14_0_75_64,1,0.0,5.0
genes_88_47_18_61_57_85_38_73_12_46_32_95_43_71_24_28_79_15_15_34_20_49_19_30_59_54_6_10_62_38_85_30_77_63_20_59_48_89_43_6_86_100_80_27_32_70_72_70_93_56_5_69_28_50_17_49_7_19_76_65_39_91_51_35_100_14_4_12_26_89_78_27_75_90_51_91_39_33_0_11_34_10_47_64_44_24_55_33_25_37_2_88_48_25_45_70_4_20_71,2,0.0,5.0
genes_37_3_74_26_9_84_30_39_73_46_72_91_33_17_8_4_88_20_39_28_50_82_28_13_90_42_11_100_38_93_80_47_74_63_36_59_27_86_12_89_15_99_98_25_6_20_89_31_90_49_11_66_54_50_98_78_5_39_63_92_39_91_29_21_47_72_2_61_49_98_37_63_60_30_33_41_75_100_100_1_57_70_23_13_39_0_67_39_11_80_1_94_35_15_75_70_75_21_25,2,0.0,5.0
genes_31_87_44_50_45_4_34_32_92_54_41_26_50_78_78_2_31_76_99_46_27_15_20_66_17_60_3_18_95_45_95_95_92_61_40_50_59_64_75_6_57_46_82_0_6_33_72_18_93_71_7_36_86_49_53_5_16_35_12_92_36_86_36_31_86_18_64_30_53_94_18_83_75_28_36_44_8_92_80_44_14_10_90_92_58_26_56_30_39_34_69_76_43_16_43_75_5_45_29,1,0.0,5.0
genes_24_87_0_49_15_93_54_35_19_66_33_45_67_67_34_5_87_26_56_87_33_63_45_23_59_58_90_43_43_59_82_77_93_66_20_58_30_14_71_6_1_49_85_67_2_100_82_6_35_42_97_66_43_16_80_52_59_74_46_48_79_36_27_81_26_12_14_32_82_43_37_50_60_30_53_76_8_100_8_42_47_5_44_93_44_15_55_59_25_37_56_31_95_17_58_21_63_62_100,1,0.0,5.0
genes_24_81_5_9_12_88_32_42_78_62_58_36_76_68_63_0_83_23_14_41_80_36_50_80_90_25_28_99_95_90_80_51_81_20_98_65_47_38_77_6_15_100_66_42_9_36_57_55_7_44_98_43_88_49_10_12_6_66_57_92_32_85_39_85_75_5_55_16_99_69_50_66_77_86_89_89_78_39_0_36_81_13_86_15_43_5_30_8_46_45_4_46_77_52_78_31_36_49_35,1,0.0,5.0
genes_49_87_92_60_28_83_34_35_16_66_33_89_67_67_34_5_87_26_61_26_93_26_60_43_59_52_93_30_96_47_85_44_77_65_38_63_30_63_71_57_17_78_77_77_52_26_42_6_84_71_42_38_63_55_85_52_0_22_46_48_79_50_29_56_23_8_14_30_28_94_37_43_75_35_6_76_39_100_55_17_32_7_44_92_65_88_55_59_42_37_85_95_28_19_51_29_6_49_18,1,0.0,5.0
genes_53_70_41_41_85_85_38_38_26_54_80_26_37_13_24_23_83_19_95_34_47_45_30_94_49_54_40_64_62_87_95_76_49_97_79_76_42_64_80_6_1_43_80_24_6_68_49_70_93_85_37_25_86_39_38_49_7_19_12_65_39_22_28_50_75_67_17_18_28_46_51_83_79_30_33_73_89_29_81_11_39_92_45_64_43_21_30_100_21_40_2_88_35_10_5_34_4_2_36,1,0.0,5.0
genes_24_89_0_13_23_84_28_33_73_42_56_93_12_73_12_20_25_20_53_29_95_26_31_99_12_28_8_47_58_82_80_16_76_19_32_85_74_49_79_12_17_44_68_67_54_81_17_93_39_33_68_69_28_90_40_56_5_70_53_76_41_90_23_35_75_1_2_54_24_46_84_83_61_26_33_41_77_83_17_38_85_92_84_14_78_23_95_35_32_86_10_72_40_84_49_70_81_21_39,2,0.0,5.0
genes_79_47_4_49_93_79_31_35_0_70_73_36_48_71_16_14_87_70_93_46_90_47_36_40_70_56_0_9_38_45_93_97_86_71_19_67_46_68_77_14_58_50_53_25_15_33_43_16_95_40_42_65_30_76_77_87_16_14_62_97_28_24_87_81_37_49_61_74_26_40_46_89_67_88_12_77_81_31_16_100_29_93_88_29_46_30_79_36_0_36_82_22_89_75_24_33_62_0_22,3,0.0,5.0
genes_37_44_43_9_13_17_54_11_36_46_32_92_57_78_15_51_51_20_56_74_93_26_57_29_100_92_41_40_8_99_88_16_76_79_32_89_24_86_17_65_66_44_76_4_62_70_40_76_38_55_37_66_63_45_13_8_73_23_48_70_37_53_28_34_90_14_59_24_22_49_71_2_81_22_10_86_12_74_82_39_51_83_37_11_40_22_84_29_59_14_87_35_45_12_45_17_12_40_55,3,0.0,5.0
genes_84_81_18_58_57_83_36_73_12_71_28_91_8_67_80_30_88_15_15_87_83_28_11_99_59_52_51_10_21_38_53_18_89_63_20_62_43_63_83_48_86_100_78_20_41_56_42_12_97_73_22_73_83_60_31_52_79_21_57_3_29_21_27_56_24_18_8_12_26_89_75_27_76_90_76_7_3_33_7_26_25_10_47_16_83_43_55_45_33_37_90_19_48_64_45_72_62_0_39,1,0.0,5.0
genes_84_3_5_18_18_7_10_35_73_42_90_89_57_73_93_20_87_20_56_87_98_26_28_99_62_52_31_10_67_58_80_14_76_58_91_64_40_86_88_12_28_44_68_8_49_68_90_6_39_52_37_9_43_50_40_78_59_70_77_66_38_86_24_35_75_1_2_62_24_46_48_33_76_29_32_71_8_60_13_21_51_9_37_17_73_22_80_54_46_37_90_31_95_92_46_70_1_53_71,1,0.0,5.0
genes_24_87_49_15_56_77_30_32_9_54_58_97_5_68_22_0_87_18_42_18_51_36_28_51_15_25_28_87_58_36_31_5_81_14_98_65_37_40_77_6_12_92_93_47_6_36_85_84_7_49_58_60_88_49_44_58_2_66_63_63_30_88_94_47_88_72_12_61_95_98_54_25_61_32_98_8_78_91_12_36_81_1_88_45_6_42_48_7_14_58_88_96_77_52_18_31_34_13_27,1,0.0,5.0
genes_87_52_72_9_21_85_37_31_0_71_85_89_6_25_89_75_87_20_37_86_47_48_41_99_59_27_40_6_67_34_56_18_74_55_91_58_22_87_80_48_62_44_97_85_66_65_87_59_97_90_23_35_88_53_40_1_82_76_42_5_38_34_31_37_80_2_18_48_25_53_48_35_77_56_23_89_9_25_14_76_51_100_41_55_83_26_84_65_27_22_83_61_34_94_71_66_0_53_71,1,0.0,5.0
genes_93_87_0_9_21_84_38_38_7_66_33_49_39_65_16_9_84_72_59_43_33_15_45_45_59_61_90_9_38_77_82_13_89_66_98_57_42_49_0_62_16_47_85_67_32_100_36_12_93_42_91_87_30_16_50_9_54_64_94_40_33_34_0_86_26_11_0_55_20_43_37_50_60_25_51_85_8_92_17_42_51_19_47_93_7_94_80_44_10_22_7_56_37_6_75_74_68_74_100,2,0.0,5.0
genes_80_59_3_43_17_83_28_68_33_39_90_27_8_94_24_0_31_76_93_51_96_30_57_72_59_26_41_68_16_94_89_75_81_56_40_98_22_9_82_66_13_73_97_67_61_70_85_59_96_55_97_8_18_53_77_52_73_71_23_92_33_98_59_50_100_12_4_62_22_45_81_35_0_92_10_40_8_89_22_38_52_10_36_7_66_43_61_100_27_83_81_22_11_12_45_17_72_98_27,1,0.0,5.0
genes_24_48_44_45_45_7_27_68_1_54_53_32_23_89_50_0_25_15_38_93_51_83_52_43_12_61_90_7_67_36_82_47_12_64_35_100_82_65_79_45_15_42_41_25_77_70_28_12_9_49_52_93_27_49_40_8_75_90_63_44_26_53_28_40_47_64_2_44_24_89_78_34_61_26_16_70_73_92_53_24_25_90_81_24_38_19_79_33_11_62_0_31_79_20_76_70_0_18_75,2,0.0,5.0
genes_18_82_42_35_9_85_30_39_73_46_57_94_94_60_88_0_88_20_34_39_50_82_50_13_90_57_90_98_39_36_80_21_85_63_91_59_27_89_27_6_15_100_76_47_6_70_89_54_90_13_11_9_54_50_36_59_1_39_63_96_39_91_29_85_22_1_2_20_49_98_37_35_76_34_51_41_75_100_100_15_57_70_23_64_39_52_56_33_11_13_85_94_77_84_75_62_72_28_25,1,0.0,5.0
genes_18_81_18_49_17_4_80_28_4_66_57_91_66_76_22_5_83_56_56_41_82_87_27_15_78_33_8_46_95_86_74_51_75_29_40_55_44_30_14_6_17_47_64_85_52_29_41_16_87_42_91_66_28_38_82_8_72_30_58_92_29_33_92_85_41_14_17_33_25_92_37_4_77_27_22_69_81_88_35_41_33_9_82_95_79_2_56_33_21_86_42_56_37_40_79_70_86_95_79,1,0.0,5.0
genes_21_87_4_50_5_76_30_70_92_54_54_89_18_56_83_76_87_20_99_47_78_19_36_99_59_42_51_94_63_39_91_6_92_57_40_100_9_78_77_45_57_48_82_5_6_33_88_22_93_71_61_31_86_18_36_0_1_19_63_96_10_86_27_23_35_18_17_30_49_98_45_83_61_28_32_75_75_88_16_44_23_13_88_90_39_42_52_36_51_34_69_44_79_18_39_14_57_75_33,1,0.0,5.0
genes_24_92_5_9_13_77_3_35_73_40_90_89_57_38_93_20_27_72_53_26_93_25_28_99_100_29_0_42_67_58_32_14_76_58_40_89_74_86_86_9_8_44_68_27_3_70_21_93_68_33_11_93_46_47_38_4_87_70_53_47_38_86_23_47_75_72_12_91_99_41_78_47_77_26_33_42_77_93_13_67_28_57_37_92_73_93_95_33_11_86_5_89_28_13_18_29_81_79_31,1,0.0,5.0
genes_79_87_44_9_50_18_68_31_82_95_68_84_6_86_94_10_28_68_57_46_47_31_20_94_22_33_3_17_67_85_56_73_51_61_89_62_59_87_83_6_62_45_81_31_66_65_34_59_97_90_23_41_87_64_42_5_79_64_12_5_36_82_54_37_24_69_17_50_53_63_33_83_77_56_27_85_61_92_16_100_14_9_89_13_78_63_56_65_7_82_83_96_28_75_55_15_95_45_29,1,0.0,5.0
genes_18_44_88_9_21_43_29_39_83_54_87_49_72_19_21_9_83_19_90_67_80_15_0_34_60_61_14_9_10_77_82_14_79_70_98_81_42_49_0_62_24_47_97_31_32_65_35_16_93_57_91_9_18_49_79_5_64_75_46_86_32_39_0_76_52_1_66_55_11_99_37_50_84_81_36_85_77_92_17_85_51_5_79_21_33_26_80_7_10_83_13_88_37_10_80_34_6_72_25,2,0.0,5.0
genes_34_89_0_14_23_27_52_32_64_37_57_20_57_68_22_4_25_8_2_30_6_15_31_43_100_31_64_99_67_35_81_40_75_58_36_59_62_60_73_77_79_100_68_67_54_23_40_93_92_63_68_69_28_90_40_80_74_75_46_73_37_85_39_56_26_5_15_55_24_59_84_4_56_29_33_69_69_85_100_60_21_66_84_64_54_23_76_28_15_34_12_72_35_9_75_23_81_21_70,1,0.0,5.0
genes_18_87_68_29_45_85_49_39_80_46_57_91_67_17_34_0_83_41_12_39_49_36_3_13_96_54_11_99_53_93_80_21_87_63_91_49_28_64_12_25_15_95_92_24_6_70_89_32_93_20_57_66_28_25_80_55_15_76_48_47_42_91_28_85_1_50_14_54_26_69_37_63_64_27_11_41_86_100_100_14_14_70_90_29_53_26_0_59_43_37_69_94_94_18_30_71_0_0_40,2,0.0,5.0
genes_38_98_49_16_50_90_25_70_0_54_72_34_50_23_63_0_79_35_50_30_80_90_50_12_59_35_6_40_64_77_90_53_9_29_100_50_9_86_82_45_15_48_76_8_37_70_82_78_90_56_42_61_75_49_34_16_82_75_57_73_33_85_28_93_47_72_0_51_62_59_78_64_77_5_66_91_6_92_96_21_51_97_37_13_39_29_59_37_67_62_38_85_94_13_35_14_3_75_71,1,0.0,5.0
genes_21_94_18_45_17_7_27_68_6_46_53_32_58_90_34_7_20_20_89_4_51_18_28_20_59_33_13_46_38_94_95_47_74_64_98_100_72_65_50_81_97_39_41_85_95_23_41_19_9_91_54_31_28_81_44_8_75_89_58_44_21_53_92_89_41_14_17_44_13_89_45_34_80_10_59_69_81_92_53_40_25_9_81_24_80_19_53_11_89_86_75_31_37_41_78_70_7_95_84,1,0.0,5.0
genes_43_94_88_10_13_7_35_68_81_46_58_32_43_73_92_0_20_20_14_23_36_18_52_13_90_33_28_7_38_94_74_21_74_64_36_66_26_65_32_9_83_100_92_25_23_62_88_18_93_91_54_31_28_81_44_8_44_90_44_92_26_53_39_85_75_45_17_44_21_55_33_44_5_31_100_83_8_92_53_40_27_93_23_69_42_22_79_11_10_31_0_31_28_14_80_15_0_69_35,1,0.0,5.0
genes_84_100_72_29_89_85_19_60_80_54_57_91_86_20_16_5_87_27_12_63_82_40_28_13_59_54_12_99_38_93_80_21_68_25_20_67_23_4_12_66_15_29_85_25_38_70_85_16_93_13_57_66_75_25_98_96_5_59_49_88_39_91_40_85_82_1_17_19_26_69_80_63_24_30_51_41_79_100_13_14_57_92_41_64_74_26_55_36_67_83_0_94_77_15_30_70_72_53_40,2,0.0,5.0
genes_54_90_19_39_15_88_40_38_8_21_57_89_48_61_19_8_83_21_32_38_20_18_59_45_61_61_51_7_58_94_86_53_79_7_38_100_42_49_0_45_36_48_100_27_63_72_36_22_90_57_91_36_26_56_40_9_55_61_91_66_8_61_45_23_39_8_26_57_25_0_80_37_85_27_36_87_74_90_17_56_19_13_88_21_82_94_95_34_10_86_7_88_53_86_75_21_0_0_25,3,0.0,5.0
genes_6_52_88_7_93_84_34_54_93_54_37_54_48_21_16_5_82_19_59_35_20_15_21_45_58_56_0_8_11_68_78_4_79_33_19_54_46_20_0_45_58_47_97_24_32_71_36_16_95_57_91_26_26_78_14_9_55_14_64_88_33_34_39_78_52_64_12_74_20_43_37_50_88_96_100_85_77_92_18_100_90_67_79_21_7_60_79_36_25_37_85_88_44_10_29_62_68_77_25,0,0.0,0.0
genes_34_81_0_40_7_83_64_31_93_71_57_94_8_24_16_4_25_19_56_29_27_15_11_61_83_8_8_41_21_40_56_18_89_66_89_63_9_49_79_48_19_45_78_20_66_81_40_59_97_66_22_18_28_90_80_2_79_74_42_3_25_85_39_53_24_70_15_61_24_59_89_83_76_28_96_69_86_84_26_26_96_24_84_14_83_23_3_39_7_77_85_72_32_72_14_69_81_82_38,0,0.0,0.0
genes_37_42_25_89_17_87_37_61_92_39_57_27_92_94_80_4_86_76_12_82_54_47_3_16_54_28_41_2_16_34_88_16_81_16_20_98_25_95_80_72_13_78_85_8_7_70_42_88_26_23_40_67_30_51_40_96_2_71_24_88_39_39_40_53_52_14_15_16_22_49_45_59_0_92_39_100_81_82_22_52_57_10_82_24_64_29_55_48_89_32_73_88_11_12_73_57_6_16_40,0,0.0,0.0
genes_24_86_6_42_3_3_43_12_28_37_61_34_8_20_16_10_29_35_51_37_19_12_16_98_44_15_7_38_38_85_97_51_61_63_35_53_62_89_77_6_14_47_45_24_41_64_42_62_38_66_97_59_22_49_72_78_56_39_92_73_33_85_34_45_100_1_17_40_26_46_76_30_81_29_66_73_80_88_11_32_25_13_90_16_78_22_84_38_25_13_0_66_45_18_5_14_10_40_71,0,0.0,0.0
genes_90_3_5_29_23_84_37_35_73_54_60_92_8_73_93_20_21_2_53_60_93_48_41_25_12_29_0_9_95_34_81_18_76_55_32_64_74_86_79_66_2_44_69_6_3_29_21_16_39_30_40_3_43_47_75_78_82_70_53_77_39_82_23_35_82_2_2_55_75_51_48_33_61_29_23_42_77_60_13_100_51_97_41_68_38_26_95_7_28_22_0_92_45_95_77_70_81_20_75,0,0.0,0.0
genes_87_67_0_15_50_93_43_65_0_29_80_34_80_23_89_85_26_35_54_30_24_82_50_2_59_33_3_38_10_77_90_16_31_61_19_92_22_86_82_66_19_47_86_11_37_29_87_57_37_49_37_59_99_45_32_13_82_92_57_73_32_85_26_52_12_1_0_33_98_81_74_27_60_82_87_75_8_89_96_21_51_97_95_26_62_29_80_33_84_37_38_34_31_14_35_31_3_95_56,0,0.0,0.0
genes_32_87_49_15_56_77_30_70_9_54_90_96_94_51_32_0_79_27_42_49_97_82_55_51_59_44_90_87_58_93_31_6_74_29_35_50_9_39_50_50_96_92_76_50_77_22_37_30_90_53_58_66_59_49_36_2_2_39_14_52_33_52_94_54_50_72_12_51_79_77_47_33_61_34_98_92_75_71_17_21_31_69_37_13_6_42_48_37_8_62_85_96_77_12_14_62_37_75_39,0,0.0,0.0
genes_84_40_72_29_18_7_10_63_92_19_90_95_88_25_16_28_84_27_12_87_98_26_45_77_59_29_31_80_95_34_78_95_89_55_20_67_43_12_87_12_11_29_85_8_32_72_38_16_36_28_37_71_43_50_40_96_69_77_49_88_33_78_40_49_79_17_4_19_77_38_48_30_73_28_23_100_8_89_13_76_6_17_37_16_65_39_80_51_46_22_90_94_95_10_45_17_7_53_40,0,0.0,0.0
genes_18_86_72_9_21_18_72_23_66_80_72_85_48_59_84_24_83_19_20_38_86_20_52_18_59_29_6_43_95_82_7_28_66_62_15_58_42_87_8_12_15_49_97_25_6_29_68_6_99_28_40_4_32_78_75_2_55_31_58_66_39_49_3_86_82_1_63_51_69_0_49_24_84_33_39_7_89_25_20_35_88_61_39_95_5_23_95_38_10_37_7_84_34_18_62_21_86_80_100,0,0.0,0.0
genes_24_85_92_55_28_7_30_12_93_40_63_89_67_68_22_2_84_76_61_35_71_36_23_100_59_65_51_7_95_98_77_47_87_65_36_99_84_64_2_57_87_91_77_27_57_86_37_77_68_95_54_69_25_44_31_4_4_90_48_44_8_24_27_38_23_87_63_30_24_95_37_9_9_26_80_42_76_93_18_29_25_74_81_24_79_22_85_42_10_86_56_75_28_19_19_33_78_69_34,0,0.0,0.0
genes_82_91_44_42_6_10_32_32_92_78_90_36_8_20_89_0_50_14_65_46_82_19_57_97_17_33_3_17_49_85_89_73_51_56_29_55_22_64_82_6_0_46_43_8_62_70_85_18_87_56_36_36_83_53_31_52_0_23_48_66_41_82_27_31_86_14_17_58_53_44_33_83_81_28_10_81_28_89_85_21_57_83_40_11_43_84_85_30_22_83_10_84_88_14_78_17_9_98_72,0,0.0,0.0
genes_24_44_41_41_95_84_30_82_38_46_80_26_37_20_96_5_35_68_65_46_47_37_53_29_54_32_11_9_30_84_91_16_86_55_79_81_22_64_80_6_66_44_68_24_6_70_83_18_38_40_98_51_43_52_41_84_5_75_47_73_33_36_34_35_90_15_4_37_20_46_36_83_75_68_33_31_80_62_82_46_49_97_94_12_38_22_84_62_59_87_0_35_45_10_45_70_12_40_34,0,0.0,0.0
genes_33_81_25_43_13_0_32_11_77_39_58_97_10_82_22_0_87_20_53_23_18_47_11_94_90_95_41_99_95_94_80_1_77_79_98_65_74_92_77_69_26_100_93_6_6_70_85_76_7_55_37_43_88_49_26_8_56_66_44_92_32_13_20_35_88_5_57_54_99_69_71_2_7_32_3_8_8_74_100_36_86_83_88_15_64_22_69_41_23_45_87_46_94_12_85_13_12_99_43,0,0.0,0.0
genes_43_81_5_14_13_0_32_42_81_46_62_10_33_73_22_0_80_20_14_23_84_36_31_51_90_33_28_92_91_90_80_1_81_16_8_66_47_41_32_6_15_100_93_47_42_63_85_88_7_56_57_43_28_49_40_8_56_27_44_92_32_18_39_85_75_69_17_16_99_48_48_44_5_32_100_40_78_100_100_14_81_1_88_66_79_5_69_7_46_45_0_46_77_14_80_15_9_45_40,0,0.0,0.0
genes_57_44_72_29_95_84_54_35_41_46_92_93_57_61_22_5_51_19_20_63_20_26_42_29_54_32_8_9_8_34_7_16_66_7_32_58_39_4_81_12_66_44_79_4_6_29_38_6_38_40_42_4_32_25_75_84_55_20_47_73_39_49_38_73_90_1_4_24_24_48_49_50_84_27_10_42_9_25_17_21_51_97_89_21_5_26_81_29_67_86_7_35_27_18_45_21_12_72_57,0,0.0,0.0
genes_57_86_72_52_21_18_80_32_4_68_23_90_48_76_22_47_87_56_20_63_27_15_27_34_78_23_10_9_95_84_74_45_76_29_20_57_42_69_81_14_17_46_65_90_52_81_42_6_93_28_40_61_32_38_82_17_55_20_50_92_39_78_34_73_56_1_26_59_26_91_54_49_100_27_22_38_79_25_17_41_88_54_45_21_5_26_18_35_67_39_2_56_27_14_43_72_86_72_29,0,0.0,0.0
genes_79_100_72_24_17_77_45_63_92_54_80_93_88_27_19_0_26_27_16_38_24_15_45_77_59_29_40_11_92_34_86_95_66_29_20_92_42_22_70_66_19_29_85_85_2_33_85_16_0_49_40_43_75_45_32_96_99_64_92_88_30_34_42_73_12_24_17_58_77_81_52_27_24_28_87_99_12_29_13_76_6_17_41_13_58_29_80_33_62_83_85_94_31_14_18_31_7_80_40,0,0.0,0.0
genes_25_90_92_55_30_83_34_32_93_40_6_94_70_2_17_0_72_76_61_25_27_87_56_99_59_66_51_40_91_47_64_94_87_35_38_81_42_64_66_57_17_78_77_28_52_86_37_77_65_71_42_38_63_44_38_0_4_22_52_13_25_24_27_56_23_91_63_26_24_94_37_47_8_26_6_42_81_93_18_29_18_9_85_92_65_1_31_42_42_86_85_95_28_19_20_29_86_49_14,0,0.0,0.0
genes_37_91_4_39_13_17_30_70_29_39_32_92_10_56_15_76_87_44_53_35_78_19_11_98_100_95_41_46_58_94_86_22_77_79_24_89_69_39_83_48_28_48_51_6_15_69_88_73_92_49_37_66_59_49_26_8_91_20_48_96_10_52_94_23_39_8_17_61_49_98_71_67_7_22_34_73_98_74_20_100_86_13_37_11_40_42_43_41_23_36_82_31_94_12_85_14_52_98_42,0,0.0,0.0
genes_21_94_82_66_45_7_31_28_9_37_61_32_23_77_34_5_23_15_86_93_78_59_52_18_100_61_12_42_9_94_74_14_75_64_36_100_90_68_77_44_83_50_41_26_83_72_41_12_63_91_54_4_28_81_64_8_75_90_92_44_11_53_28_38_12_51_17_44_26_89_45_38_75_86_76_65_82_92_53_29_25_11_81_24_45_19_34_33_89_32_42_31_22_20_76_70_4_69_17,0,0.0,0.0
genes_24_87_68_9_45_79_25_71_92_54_57_1_50_61_34_14_83_23_20_38_20_35_4_38_77_61_3_45_64_93_78_14_79_7_99_81_90_64_5_25_57_44_48_31_1_24_36_87_68_23_93_61_95_55_40_9_55_20_46_66_42_86_34_35_86_14_17_51_24_38_81_50_64_27_85_93_74_95_8_35_31_70_45_24_53_25_0_38_46_36_69_18_97_18_55_21_73_75_40,0,0.0,0.0
genes_87_87_42_29_21_18_72_12_92_68_72_34_46_61_22_13_87_19_14_42_19_15_43_77_44_27_6_9_38_34_7_72_64_55_20_50_62_64_81_12_9_47_100_24_64_29_38_6_93_40_40_4_3_49_72_1_82_75_49_66_33_85_28_35_82_1_18_53_52_46_5_30_81_27_51_73_80_89_76_21_88_13_39_21_5_26_22_38_64_87_7_92_45_18_5_68_5_72_100,0,0.0,0.0
genes_84_42_41_19_18_82_13_35_83_22_90_88_71_18_24_11_87_14_4_84_55_37_19_7_55_52_57_10_53_94_95_12_55_61_79_55_46_64_77_15_28_47_80_24_4_68_87_92_97_52_24_69_43_54_78_45_2_77_92_66_27_78_36_35_23_14_4_62_77_93_48_30_54_32_76_76_8_89_43_21_51_4_37_16_78_29_79_54_45_37_90_18_26_19_45_70_1_96_71,0,0.0,0.0
genes_18_81_72_43_12_81_56_68_8_68_72_95_5_61_17_0_83_15_53_63_82_15_47_94_59_66_8_9_95_34_38_95_66_7_37_58_11_4_38_12_15_55_77_85_7_67_38_59_93_28_42_4_88_78_40_74_18_20_49_23_39_49_34_73_82_11_9_54_81_8_75_50_76_27_51_38_73_99_17_37_16_61_49_21_38_26_25_39_70_84_7_39_27_18_69_21_62_98_23,0,0.0,0.0
genes_37_18_25_66_17_83_31_16_95_62_90_91_63_94_34_5_31_76_14_53_96_87_28_91_54_33_41_46_88_94_88_69_77_30_40_58_72_30_50_62_15_71_67_85_70_29_96_16_93_55_88_66_24_38_44_8_82_70_23_8_11_33_91_48_41_14_17_32_79_88_87_4_80_10_55_69_12_100_22_21_25_10_83_11_79_2_59_33_67_31_86_22_37_12_79_71_7_0_27,0,0.0,0.0
genes_84_100_72_9_21_0_28_38_7_52_72_95_88_15_16_9_83_19_70_43_82_15_0_77_58_61_40_9_95_31_78_95_66_12_98_81_42_4_0_62_11_47_85_31_32_51_36_16_38_57_91_71_77_78_40_96_55_64_49_88_33_78_0_86_82_25_14_55_20_43_37_63_84_28_36_100_74_92_13_76_84_19_79_21_7_26_58_7_67_23_7_93_37_15_37_31_63_72_25,0,0.0,0.0
genes_31_87_68_43_14_79_54_32_92_54_57_34_50_61_1_0_86_20_14_46_27_34_3_99_17_29_3_42_64_87_95_79_74_94_40_66_11_64_75_25_57_44_68_22_5_63_48_87_88_23_42_61_24_36_80_58_20_64_12_47_36_86_34_35_90_66_17_54_71_45_90_40_12_31_11_38_86_99_70_26_27_84_86_29_53_26_0_37_46_37_69_18_74_94_76_71_9_0_23,0,0.0,0.0
genes_84_3_44_29_9_3_34_33_1_57_70_95_88_20_16_0_52_27_12_29_5_78_28_42_17_42_40_98_67_34_86_4_66_58_20_50_9_36_27_66_11_42_85_85_32_70_38_93_38_28_40_88_27_12_99_96_5_9_63_96_32_86_40_73_47_24_14_61_72_97_78_63_24_28_33_100_79_29_20_29_6_92_41_13_58_42_43_33_11_62_8_94_39_84_75_31_77_53_75,0,0.0,0.0
genes_79_18_0_10_14_77_31_29_9_53_78_66_80_77_89_0_25_97_84_93_41_82_28_18_59_33_31_3_9_77_93_67_75_61_100_92_13_22_70_71_91_47_86_16_83_74_41_10_63_66_100_4_28_38_30_3_99_92_54_92_32_34_51_52_12_51_68_54_98_81_87_27_60_26_87_69_82_100_13_21_87_65_35_21_62_23_80_33_54_83_85_76_39_25_18_31_77_95_79,0,0.0,0.0
genes_79_89_4_49_57_87_72_58_95_94_55_36_79_26_17_14_82_72_20_46_55_47_51_40_61_85_93_43_53_93_78_100_90_65_20_67_42_64_95_11_21_50_97_31_88_34_42_3_93_57_90_44_30_78_77_29_55_14_92_66_71_24_28_49_42_49_61_76_84_93_51_50_74_27_36_9_76_36_1_100_88_93_88_29_62_97_79_36_0_81_83_22_94_12_24_62_62_95_22,0,0.0,0.0
genes_21_94_15_45_28_8_39_70_0_37_85_32_23_61_22_7_25_15_65_93_36_18_19_67_55_61_13_87_63_94_74_47_79_64_36_71_84_64_82_79_78_50_20_21_95_25_88_10_9_51_54_31_28_81_41_2_48_34_55_92_27_53_28_38_21_15_54_49_13_84_79_35_77_85_16_7_8_100_13_40_79_53_93_24_42_14_83_11_46_32_75_97_22_18_72_70_0_69_35,0,0.0,0.0
genes_76_98_41_49_68_85_29_35_0_54_72_34_8_38_22_7_87_35_37_46_19_37_41_25_59_27_40_17_95_33_31_95_62_55_91_91_21_14_77_66_13_47_99_85_32_68_87_16_92_28_97_60_20_53_75_0_57_76_49_73_39_85_46_50_82_72_17_19_79_53_47_28_11_12_24_73_9_86_17_51_14_97_41_8_37_26_84_7_27_22_7_91_45_12_5_14_3_96_29,0,0.0,0.0
genes_58_90_19_39_45_79_54_71_8_54_57_34_67_61_34_4_80_16_93_30_27_34_3_43_96_61_51_7_53_38_8_97_79_4_99_100_42_64_0_45_36_48_100_97_59_26_36_87_90_57_91_36_26_56_40_9_55_67_46_47_8_86_34_35_86_8_26_54_28_0_45_37_84_27_36_87_74_95_15_56_19_13_92_29_53_28_0_34_10_86_7_88_53_86_75_21_0_34_23,0,0.0,0.0
genes_53_52_0_49_93_79_31_35_84_54_73_45_87_20_32_86_87_70_93_33_32_63_45_23_59_58_0_43_38_77_82_13_89_66_20_58_46_68_82_6_13_46_51_24_99_100_82_12_35_42_41_65_30_16_78_5_5_76_94_41_44_36_27_49_26_10_9_74_11_43_51_65_60_30_51_77_7_92_16_42_51_5_88_95_44_62_80_44_25_37_56_13_44_75_58_65_6_0_100,0,0.0,0.0
